ISIN,SYMBOL,SERIES,TYPE,HAIRCUT
INF917K01WA9,01AD,DR,OMF,7.5
INF917K01WB7,01AP,DP,OMF,7.5
INF903J01MV8,02PD,GR,OMF,7.5
INF903J01MT2,03PD,DP,OMF,7.5
INF903J01MU0,03PD,DR,OMF,7.5
INF903J01MJ3,04PD,GR,OMF,7.5
INF903J01MH7,05PD,DP,OMF,7.5
INF903J01MI5,05PD,DR,OMF,7.5
INF917K01HS2,122D,GR,OMF,7.5
INF917K01VS3,131AD,DR,OMF,7.5
INF917K01VT1,131AP,DP,OMF,7.5
INF903J01NM5,13PD,DP,OMF,7.5
INF903J01NN3,14PD,GR,OMF,7.5
INF209K01SZ6,151ID,DP,GMF,10
INF917K01JG3,153L,DR,GMF,10
INF917K01JH1,154L,GR,GMF,10
INF917K01HF9,154LD,GR,GMF,10
INF209KB1ZL4,157D,DR,GMF,10
INF903J01NR4,157DP,GR,OMF,7.5
INF209KB1ZC3,157G,GR,GMF,10
INF209KB1ZE9,157WD,DR,GMF,10
INF209KB1ZH2,157Z,GR,GMF,10
INF903J01QA3,230PD,DR,GMF,10
INF903J01MN5,41PD,DP,OMF,7.5
INF903J01MO3,41PD,DR,OMF,7.5
INF903J01MP0,42PD,GR,OMF,7.5
INF917K01JB4,54L,DR,GMF,10
INF251K01OL7,627DA,DP,GMF,10
INF251K01OM5,627DB,DP,GMF,10
INF251K01NO3,627DG,GR,GMF,10
INF251K01NJ3,627G,GR,GMF,10
INF251K01OJ1,627RA,DP,GMF,10
INF251K01OK9,627RB,DP,GMF,10
INF251K01HL1,70D,DP,OMF,7.5
INF251K01HM9,70D,DR,OMF,7.5
INF251K01HN7,70G,GR,OMF,7.5
INF903J01NI3,71PD,DP,OMF,7.5
INF903J01NJ1,71PD,DR,OMF,7.5
INF903J01NK9,72PD,GR,OMF,7.5
INF903J01NF9,91PD,DP,OMF,7.5
INF903J01NG7,91PD,DR,OMF,7.5
INF903J01NH5,92PD,GR,OMF,7.5
INF846K01172,AEFDP,DP,OMF,7.5
INF846K01180,AEFDR,DR,OMF,7.5
INF846K01164,AEFGR,GR,OMF,7.5
INF754K01BS2,ARDG,GR,OMF,7.5
INF846K01644,ASTFIGR,GR,OMF,7.5
INF846K01651,ASTFIMDP,DP,OMF,7.5
INF846K01669,ASTFIMDR,DR,OMF,7.5
INF846K01677,ASTFIRDP,DP,OMF,7.5
INF846K01685,ASTFIRDR,DR,OMF,7.5
INF846K01594,ASTFRGR,GR,OMF,7.5
INF846K01545,ATAFIDDR,DR,OMF,7.5
INF846K01537,ATAFIGR,GR,OMF,7.5
INF846K01578,ATAFIMDP,DP,OMF,7.5
INF846K01586,ATAFIMDR,DR,OMF,7.5
INF846K01552,ATAFIWDP,DP,OMF,7.5
INF846K01560,ATAFIWDR,DR,OMF,7.5
INF846K01487,ATAFRDDR,DR,OMF,7.5
INF846K01479,ATAFRGR,GR,OMF,7.5
INF846K01149,ATAXDP,DP,OMF,7.5
INF846K01156,ATAXDR,DR,OMF,100
INF846K01131,ATAXGR,GR,OMF,7.5
INF754K01EB2,ATDD,DP,OMF,7.5
INF754K01EC0,ATDD,DR,OMF,7.5
INF754K01EA4,ATDG,GR,OMF,7.5
INF754K01EG1,ATDPD,DP,OMF,7.5
INF754K01EH9,ATDPR,DR,OMF,7.5
INF754K01EF3,ATGPG,GR,OMF,7.5
INF846K01CO3,AXISAFD1,DP,OMF,7.5
INF846K01CP0,AXISAFD1,DR,OMF,7.5
INF846K01CQ8,AXISAFDG,GR,OMF,7.5
INF846K01CI5,AXISAFDP,DP,OMF,7.5
INF846K01CJ3,AXISAFDP,DR,OMF,7.5
INF846K01CH7,AXISAFGP,GR,OMF,7.5
INF846K01CC8,AXISBDDDR,DR,OMF,7.5
INF846K01CR6,AXISBDDG,GR,OMF,7.5
INF846K01CT2,AXISBDDM,DP,OMF,7.5
INF846K01CS4,AXISBDDM,DR,OMF,7.5
INF846K01CF1,AXISBDDPD,DP,OMF,7.5
INF846K01CG9,AXISBDDPR,DR,OMF,7.5
INF846K01CB0,AXISBDGP,GR,OMF,7.5
INF846K01CD6,AXISBDWDD,DP,OMF,7.5
INF846K01CE4,AXISBDWDR,DR,OMF,7.5
INF846K01K19,AXISCDPD,DP,OMF,7.5
INF846K01420,AXISCFDD,DR,GMF,10
INF846K01CX4,AXISCFDG,GR,GMF,10
INF846K01CY2,AXISCFDM,DP,GMF,10
INF846K01CZ9,AXISCFDM,DR,GMF,10
INF846K01453,AXISCFDP,DP,GMF,10
INF846K01461,AXISCFDP,DR,GMF,10
INF846K01DA0,AXISCFDR,DR,GMF,10
INF846K01DB8,AXISCFDW,DP,GMF,10
INF846K01DC6,AXISCFDW,DR,GMF,10
INF846K01412,AXISCFGP,GR,GMF,10
INF846K01438,AXISCFWD,DP,GMF,10
INF846K01446,AXISCFWD,DR,GMF,10
INF846K01ZM8,AXISCODGG,GR,OMF,7.5
INF846K01ZQ9,AXISCODMD,DP,OMF,7.5
INF846K01ZR7,AXISCODMR,DR,OMF,7.5
INF846K01ZY3,AXISCODPD,DP,OMF,7.5
INF846K01ZZ0,AXISCODPR,DR,OMF,7.5
INF846K01ZU1,AXISCOGPG,GR,OMF,7.5
INF846K01DI3,AXISDBDG,GR,OMF,7.5
INF846K01DL7,AXISDBDQ,DP,OMF,7.5
INF846K01DM5,AXISDBDQ,DR,OMF,7.5
INF846K01917,AXISDBGP,GR,OMF,7.5
INF846K01925,AXISDBQD,DP,OMF,7.5
INF846K01933,AXISDBQDR,DR,OMF,7.5
INF846K01A37,AXISDED1D,DP,OMF,7.5
INF846K01A45,AXISDED1R,DR,OMF,7.5
INF846K01A29,AXISDEDGG,GR,OMF,7.5
INF846K01A60,AXISDEDPD,DP,OMF,7.5
INF846K01A78,AXISDEDPR,DR,OMF,7.5
INF846K01A52,AXISDEGPG,GR,OMF,7.5
INF846K01QA2,AXISEAD1D,DP,OMF,7.5
INF846K01QB0,AXISEAD1R,DR,OMF,7.5
INF846K01PZ1,AXISEADG,GR,OMF,7.5
INF846K01QD6,AXISEADPD,DP,OMF,7.5
INF846K01QE4,AXISEADPR,DR,OMF,7.5
INF846K01QC8,AXISEAGPG,GR,OMF,7.5
INF846K01W31,AXISEED1D,DP,OMF,7.5
INF846K01W49,AXISEED1R,DR,OMF,7.5
INF846K01W23,AXISEEDGG,GR,OMF,7.5
INF846K01W64,AXISEEDPD,DP,OMF,7.5
INF846K01W72,AXISEEDPR,DR,OMF,7.5
INF846K01W56,AXISEEGPG,GR,OMF,7.5
INF846K01DN3,AXISEFD1,DP,OMF,7.5
INF846K01DO1,AXISEFD1,DR,OMF,7.5
INF846K01DP8,AXISEFDG,GR,OMF,7.5
INF846K01E09,AXISEHD1D,DP,OMF,7.5
INF846K01E17,AXISEHD1R,DR,OMF,7.5
INF846K01E25,AXISEHDGG,GR,OMF,7.5
INF846K01E33,AXISEHDMD,DP,OMF,7.5
INF846K01E41,AXISEHDMR,DR,OMF,7.5
INF846K01F08,AXISEHDPD,DP,OMF,7.5
INF846K01F16,AXISEHDPR,DR,OMF,7.5
INF846K01E90,AXISEHGPG,GR,OMF,7.5
INF846K01F24,AXISEHQDD,DP,OMF,7.5
INF846K01F32,AXISEHQDR,DR,OMF,7.5
INF846K01E74,AXISEHRDD,DP,OMF,7.5
INF846K01E82,AXISEHRDR,DR,OMF,7.5
INF846K01DT0,AXISIFDG,GR,OMF,7.5
INF846K01BP2,AXISIFGPGP,GR,OMF,7.5
INF846K01BQ0,AXISIFQDDP,DP,OMF,7.5
INF846K01BS6,AXISIFQDRP,DR,OMF,7.5
INF846K01EF7,AXISMCD1,DP,OMF,7.5
INF846K01EG5,AXISMCD1,DR,OMF,7.5
INF846K01EH3,AXISMCDG,GR,OMF,7.5
INF846K01867,AXISMCDP,DP,OMF,7.5
INF846K01875,AXISMCDPR,DR,OMF,7.5
INF846K01859,AXISMCGP,GR,OMF,7.5
INF846K01B02,AXISMLD1D,DP,OMF,7.5
INF846K01B10,AXISMLD1R,DR,OMF,7.5
INF846K01B28,AXISMLDGG,GR,OMF,7.5
INF846K01B36,AXISMLDPD,DP,OMF,7.5
INF846K01B44,AXISMLDPR,DR,OMF,7.5
INF846K01B51,AXISMLGPG,GR,OMF,7.5
INF846K01Q62,AXISMMDGG,GR,GMF,10
INF846K01R95,AXISMMDPD,DP,GMF,10
INF846K01R87,AXISMMDPR,DR,GMF,10
INF846K01R46,AXISMMGPG,GR,GMF,10
INF846K01J87,AXISOGDPD,DP,OMF,7.5
INF846K01J95,AXISOGDPR,DR,OMF,7.5
INF846K01J79,AXISOGGPG,GR,OMF,7.5
INF846K01O56,AXISONDDR,DR,GMF,10
INF846K01N65,AXISONDGG,GR,GMF,10
INF846K01N73,AXISONDMD,DP,GMF,10
INF846K01N81,AXISONDMR,DR,GMF,10
INF846K01N99,AXISONDRR,DR,GMF,10
INF846K01O23,AXISONGPG,GR,GMF,10
INF846K01O07,AXISONWDD,DP,GMF,10
INF846K01O15,AXISONWDR,DR,GMF,10
INF846K01K43,AXISSCD1D,DP,OMF,7.5
INF846K01K50,AXISSCD1R,DR,OMF,7.5
INF846K01K35,AXISSCDGG,GR,OMF,7.5
INF846K01K27,AXISSCDPR,DR,OMF,7.5
INF846K01K01,AXISSCGPG,GR,OMF,7.5
INF846K01RH5,AXISSTD1D,DP,OMF,7.5
INF846K01RI3,AXISSTD1R,DR,OMF,7.5
INF846K01EI1,AXISSTDG,GR,OMF,7.5
INF846K01RJ1,AXISSTRDD,DP,OMF,7.5
INF846K01RK9,AXISSTRDR,DR,OMF,7.5
INF846K01EN1,AXISTADG,GR,OMF,7.5
INF846K01EQ4,AXISTADR,DR,OMF,7.5
INF846K01ER2,AXISTADW,DP,OMF,7.5
INF846K01ES0,AXISTADW,DR,OMF,7.5
INF846K01EX0,AXISTSD1,DP,OMF,7.5
INF846K01EY8,AXISTSD1,DR,OMF,7.5
INF846K01EW2,AXISTSDG,GR,OMF,7.5
INF846K01G31,AXISUSDDR,DR,OMF,7.5
INF846K01F40,AXISUSDGG,GR,OMF,7.5
INF846K01F99,AXISUSDMD,DP,OMF,7.5
INF846K01F81,AXISUSDMR,DR,OMF,7.5
INF846K01G72,AXISUSDPD,DP,OMF,7.5
INF846K01G64,AXISUSDPR,DR,OMF,7.5
INF846K01G23,AXISUSGPG,GR,OMF,7.5
INF846K01G98,AXISUSRDD,DP,OMF,7.5
INF846K01G80,AXISUSRDR,DR,OMF,7.5
INF846K01G56,AXISUSWDD,DP,OMF,7.5
INF846K01G49,AXISUSWDR,DR,OMF,7.5
INF209K01UM0,B02DZ,DR,OMF,7.5
INF209K01UN8,B02GZ,GR,OMF,7.5
INF209K01P23,B02Z,DP,OMF,7.5
INF084M01AB8,B105G,GR,OMF,7.5
INF084M01AD4,B106D,DR,OMF,7.5
INF084M01AC6,B106DP,DP,OMF,7.5
INF209K010W9,B1180A,DP,OMF,7.5
INF209K011W7,B1180B,GR,OMF,7.5
INF209K012W5,B1180C,DR,OMF,7.5
INF209K013W3,B1180X,DP,OMF,7.5
INF209K014W1,B1180Y,GR,OMF,7.5
INF209K015W8,B1180Z,DR,OMF,7.5
INF209K01UQ1,B132DZ,DP,OMF,7.5
INF209K01LZ1,B132G,GR,OMF,7.5
INF209K01UR9,B132GZ,GR,OMF,7.5
INF209K01MA2,B132WD,DP,OMF,7.5
INF209K01US7,B132WZ,DP,OMF,7.5
INF209K01UT5,B151DZ,DP,GMF,10
INF209K01UU3,B151GZ,DP,GMF,10
INF209K01RV7,B151IG,GR,GMF,10
INF209K01UW9,B152DZ,DP,OMF,7.5
INF209K01UX7,B152GZ,GR,OMF,7.5
INF209K01MG9,B152IG,GR,OMF,7.5
INF209K01UY5,B152IZ,DP,OMF,7.5
INF209K01UZ2,B153DZ,DP,GMF,10
INF209K01RU9,B153G,GR,GMF,10
INF209K01VA3,B153GZ,DP,GMF,10
INF209K01VC9,B153WZ,DP,GMF,10
INF209K01VD7,B153Z,DP,GMF,10
INF209K01P49,B15Z,DP,OMF,7.5
INF209K01VF2,B16Z,GR,OMF,7.5
INF209K01VG0,B201DZ,DP,OMF,7.5
INF209K01VH8,B201GZ,GR,OMF,7.5
INF209K01VI6,B201RZ,DR,OMF,7.5
INF209K01P80,B205DZ,DP,OMF,7.5
INF209K01VP1,B205GZ,GR,OMF,7.5
INF209K01VQ9,B205RZ,DR,OMF,7.5
INF209K01Q06,B221DZ,DP,OMF,7.5
INF209K01VT3,B221GZ,GR,OMF,7.5
INF209K01VU1,B221RZ,DR,OMF,7.5
INF209K01Q22,B251DZ,DP,OMF,7.5
INF209K01Q30,B251GZ,GR,OMF,7.5
INF209K01Q63,B291DZ,DP,OMF,7.5
INF209K01WC7,B291GZ,GR,OMF,7.5
INF209K01Q71,B292DZ,DP,OMF,7.5
INF209K01WE3,B292GZ,GR,OMF,7.5
INF209K01WF0,B292RZ,DR,OMF,7.5
INF209K01EO0,B295D,DP,OMF,7.5
INF209K01EP7,B295DR,DR,OMF,7.5
INF209K01WM6,B295DZ,DP,OMF,7.5
INF209K01EN2,B295G,GR,OMF,7.5
INF209K01WN4,B295GZ,GR,OMF,7.5
INF209K01LE6,B296D,DP,OMF,7.5
INF209K01WP9,B296DZ,DP,OMF,7.5
INF209K01LF3,B296G,GR,OMF,7.5
INF209K01WQ7,B296GZ,GR,OMF,7.5
INF209K01LG1,B296RD,DR,OMF,7.5
INF209K01WY1,B301GZ,GR,OMF,7.5
INF209K01XA9,B303GZ,DR,OMF,7.5
INF209KA1KP8,B303WZ,DP,OMF,7.5
INF209K01R47,B313DZ,DP,OMF,7.5
INF209K01XH4,B313GZ,GR,OMF,7.5
INF209K01XJ0,B313PZ,DP,OMF,7.5
INF209K01N82,B321GZ,GR,OMF,7.5
INF209K01R62,B321MZ,DP,OMF,7.5
INF209K01R88,B321QZ,DP,OMF,7.5
INF209KA1TX3,B321X,DP,OMF,7.5
INF209K01S38,B32Z,GR,OMF,7.5
INF209K01XK8,B341GZ,GR,OMF,7.5
INF209K01XL6,B341QZ,DR,OMF,7.5
INF209K01R96,B341WZ,DP,OMF,15.16
INF209KA1KT0,B37AZ,DP,OMF,7.5
INF209K01N90,B37Z,DP,OMF,7.5
INF209KA1K54,B380A,DP,OMF,7.5
INF209KA1K47,B380B,GR,OMF,7.5
INF209KA1K62,B380C,DR,OMF,7.5
INF209KA1K96,B380X,DP,OMF,7.5
INF209KA1K88,B380Y,GR,OMF,7.5
INF209K01LQ0,B43G,GR,OMF,7.5
INF209K01XU7,B43NZ,GR,OMF,7.5
INF209K01XV5,B44RDZ,DR,OMF,7.5
INF209K01XW3,B48NZ,DP,OMF,7.5
INF209K01ME4,B501G,GR,GMF,10
INF209K01XX1,B51Z,GR,OMF,7.5
INF209K01XY9,B52DZ,DR,OMF,7.5
INF209KA1LE0,B52Z,DP,OMF,7.5
INF209KA13Z9,B85IFR,DR,OMF,7.5
INF209KA12Z1,B85IFZ,DP,OMF,7.5
INF209K01LU2,B85NDD,DP,OMF,7.5
INF209K01YM2,B85NDZ,DP,OMF,7.5
INF209K01YN0,B85NGZ,GR,OMF,7.5
INF209K01LX6,B85NIF,DP,OMF,7.5
INF209K01LV0,B85NIG,GR,OMF,7.5
INF209K01LN7,B85NIM,DP,OMF,7.5
INF209KA11Z3,B85NIR,DR,OMF,7.5
INF209K01YW1,B91DDZ,DR,OMF,7.5
INF209K01YX9,B91Z,DP,OMF,7.5
INF209K01YY7,B92Z,GR,OMF,7.5
INF209K01ZB2,BADZ,DR,OMF,7.5
INF209K01ZC0,BAGZ,GR,OMF,7.5
INF209KA1LH3,BAZ,DP,OMF,7.5
INF084M01DJ5,BD105,GR,OMF,7.5
INF084M01DL1,BD106,DP,OMF,7.5
INF084M01DK3,BD106P,DP,OMF,7.5
INF789F01OT9,BFIGG,GR,OMF,7.5
INF789F01OU7,BFIMD,DP,OMF,7.5
INF789F01OV5,BFIMR,DR,OMF,7.5
INF789F01PB4,BFWID,DP,OMF,7.5
INF789F01PC2,BFWIR,DR,OMF,7.5
INF251K01894,BNP01G,GR,OMF,7.5
INF251K01910,BNP02DP,DP,OMF,7.5
INF251K01902,BNP02DR,DR,OMF,7.5
INF955L01658,BPGRD,DP,OMF,7.5
INF955L01674,BPGRG,GR,OMF,7.5
INF955L01666,BPGRR,DR,OMF,7.5
INF955L01476,BPLDFR,DR,GMF,10
INF955L01484,BPLFG,GR,GMF,10
INF955L01HG5,BPMFDED1,DP,OMF,7.5
INF955L01HH3,BPMFDED1,DR,OMF,7.5
INF955L01HF7,BPMFDED2,GR,OMF,7.5
INF955L01HD2,BPMFDEDPD,DP,OMF,7.5
INF955L01HE0,BPMFDEDPR,DR,OMF,7.5
INF955L01HC4,BPMFDEGPG,GR,OMF,7.5
INF955L01AE5,BPMFGRD1,GR,OMF,7.5
INF955L01AG0,BPMFGRD2,GR,OMF,7.5
INF955L01AK2,BPMFLFD1R,DR,GMF,10
INF955L01AL0,BPMFLFD2G,GR,GMF,10
INF955L01AN6,BPMFLFD5,DP,GMF,10
INF179KA1JD2,BPRD,DP,OMF,7.5
INF179KA1JE0,BPRDR,DR,OMF,7.5
INF179KA1JC4,BPRG,GR,OMF,7.5
INF209K01090,BSL02,DP,OMF,7.5
INF209K01CB1,BSL02,DR,OMF,7.5
INF209K01108,BSL02G,GR,OMF,7.5
INF209K01132,BSL15,DP,OMF,7.5
INF209K01CD7,BSL15,DR,OMF,7.5
INF209K01140,BSL16,GR,OMF,7.5
INF209K01157,BSL201D,DP,OMF,7.5
INF209K01CE5,BSL201D,DR,OMF,7.5
INF209K01165,BSL201G,GR,OMF,7.5
INF209K01256,BSL205RD,DP,OMF,7.5
INF209K01CI6,BSL205RD,DR,OMF,7.5
INF209K01264,BSL205RG,GR,OMF,7.5
INF209K01314,BSL221D,DP,OMF,7.5
INF209K01CL0,BSL221D,DR,OMF,7.5
INF209K01322,BSL221G,GR,OMF,7.5
INF209K01355,BSL251D,DP,OMF,7.5
INF209K01CN6,BSL251D,DR,OMF,7.5
INF209K01363,BSL251G,GR,OMF,7.5
INF209K01439,BSL291D,DP,OMF,7.5
INF209K01CR7,BSL291D,DR,OMF,7.5
INF209K01447,BSL291G,GR,OMF,7.5
INF209K01454,BSL292D,DP,OMF,7.5
INF209K01CS5,BSL292D,DR,OMF,7.5
INF209K01462,BSL292G,GR,OMF,7.5
INF209K01579,BSL301G,GR,OMF,7.5
INF209K01587,BSL301QD,DP,OMF,7.5
INF209K01CY3,BSL301QD,DR,OMF,7.5
INF209K01603,BSL303G,GR,OMF,7.5
INF209K01611,BSL303MD,DP,OMF,7.5
INF209K01DA1,BSL303MD,DR,OMF,7.5
INF209K01751,BSL313G,GR,OMF,7.5
INF209K01769,BSL313MD,DP,OMF,7.5
INF209K01DF0,BSL313MD,DR,OMF,7.5
INF209K01777,BSL313MP,GR,OMF,7.5
INF209K01785,BSL32,GR,OMF,7.5
INF209K01793,BSL321G,GR,OMF,8
INF209K01801,BSL321MD,DP,OMF,7.5
INF209K01DG8,BSL321MD,DR,OMF,7.5
INF209K01819,BSL321QD,DP,OMF,7.5
INF209K01DH6,BSL321QD,DR,OMF,7.5
INF209K01MC8,BSL331G,GR,OMF,7.5
INF209K01942,BSL341G,GR,OMF,7.5
INF209K01975,BSL341QD,DP,OMF,7.5
INF209K01DK0,BSL341QD,DR,OMF,7.5
INF209K01983,BSL37,DP,OMF,7.5
INF209K01DL8,BSL37,DR,OMF,7.5
INF209K01AJ8,BSL51,GR,OMF,7.5
INF209K01MF1,BSL512G,GR,OMF,7.5
INF209K01AQ3,BSL52,DP,OMF,7.5
INF209K01DT1,BSL52,DR,OMF,7.5
INF209K01BO6,BSL91,DP,OMF,8.5
INF209K01EC5,BSL91,DR,OMF,8.5
INF209K01BR9,BSL92,GR,OMF,8.5
INF209K01BS7,BSLA,DP,OMF,7.5
INF209K01EE1,BSLA,DR,OMF,7.5
INF209K01BT5,BSLAG,GR,OMF,7.5
INF789F1A538,CBFDPGRO,GR,OMF,7.5
INF789F1A546,CBFDPQDP,DP,OMF,7.5
INF789F1A553,CBFDPQDR,DR,OMF,7.5
INF789F1A447,CBFRPGRO,GR,OMF,7.5
INF789F1A454,CBFRPQDP,DP,OMF,7.5
INF789F1A462,CBFRPQDR,DR,OMF,7.5
INF179KA1I87,CDNDR,DP,OMF,7.5
INF179KA1I79,CDNRR,DR,OMF,7.5
INF179KA1GD8,CDODR,DP,OMF,7.5
INF179KA1GA4,CDODT,DP,OMF,7.5
INF179KA1GC0,CDOGR,GR,OMF,7.5
INF179KA1FZ3,CDOGT,GR,OMF,7.5
INF179KA1GE6,CDORR,DP,OMF,7.5
INF179KA1GB2,CDORT,DR,OMF,7.5
INF789F01XP8,CPD1R,DR,GMF,10
INF789F01XQ6,CPD2G,GR,GMF,10
INF789F01XT0,CPD4R,DR,GMF,10
INF789FA1K22,CPD6D,DP,GMF,10
INF789FA1K30,CPD6R,DR,GMF,10
INF247L01494,CPDPD,DP,OMF,7.5
INF247L01486,CPDPR,DR,OMF,7.5
INF247L01502,CPGDG,GR,OMF,7.5
INF247L01478,CPGPG,GR,OMF,7.5
INF789F01PG3,CPIDR,DR,GMF,10
INF789F01PH1,CPIGG,GR,GMF,10
INF789F01PI9,CPIMD,DP,GMF,10
INF789F01PJ7,CPIMR,DR,GMF,10
INF789F01PK5,CPIWR,DR,GMF,10
INF247L01528,CPPDD,DP,OMF,7.5
INF247L01510,CPPDR,DR,OMF,7.5
INF760K01DX5,CRCYDG,GR,OMF,7.5
INF760K01DV9,CRCYDM,DP,OMF,7.5
INF760K01DW7,CRCYDM,DR,OMF,7.5
INF760K01BO8,CRCYDP,DP,OMF,7.5
INF760K01BN0,CRCYDP,DR,OMF,7.5
INF760K01BM2,CRCYGP,GR,OMF,7.5
INF760K01BQ3,CRCYQP,DP,OMF,7.5
INF760K01BP5,CRCYQP,DR,OMF,7.5
INF760K01ED5,CRDVDD,DP,OMF,7.5
INF760K01EE3,CRDVDD,DR,OMF,7.5
INF760K01EF0,CRDVDG,GR,OMF,7.5
INF760K01035,CRDVDPR,DR,OMF,7.5
INF760K01EG8,CREQDD,DP,OMF,7.5
INF760K01EH6,CREQDD,DR,OMF,7.5
INF760K01175,CREQDP,DP,OMF,7.5
INF760K01EI4,CREQDP,GR,OMF,7.5
INF760K01183,CREQDPR,DR,OMF,7.5
INF760K01167,CREQGP,GR,OMF,7.5
INF760K01EJ2,CRETDD,DP,OMF,7.5
INF760K01EL8,CRETDG,GR,OMF,7.5
INF760K01084,CRETDP,DP,OMF,7.5
INF760K01100,CRETGP,GR,OMF,7.5
INF760K01027,CRFDVD,DP,OMF,7.5
INF760K01019,CRFDVG,GR,OMF,7.5
INF760K01803,CRFRDDR,DR,OMF,7.5
INF760K01ET1,CRFRDG,GR,OMF,7.5
INF760K01AM4,CRFRDMD,DP,OMF,7.5
INF760K01AN2,CRFRDMR,DR,OMF,7.5
INF760K01779,CRFRDPD,DP,OMF,7.5
INF760K01787,CRFRDPR,DR,OMF,7.5
INF760K01EM6,CRFRDR,DR,OMF,7.5
INF760K01795,CRFRGPG,GR,OMF,7.5
INF760K01EN4,CRFRMD,DP,OMF,7.5
INF760K01EO2,CRFRMD,DR,OMF,7.5
INF760K01EX3,CRGBDD,DP,OMF,7.5
INF760K01EY1,CRGBDD,DR,OMF,7.5
INF760K01EZ8,CRGBDG,GR,OMF,7.5
INF760K01068,CRGBDP,DP,OMF,7.5
INF760K01076,CRGBDPR,DR,OMF,7.5
INF760K01050,CRGBOE,GR,OMF,7.5
INF760K01FP6,CRLCDD,DP,OMF,7.5
INF760K01FQ4,CRLCDD,DR,OMF,7.5
INF760K01FR2,CRLCDG,GR,OMF,7.5
INF760K01AS1,CRLCDP,DP,OMF,7.5
INF760K01AT9,CRLCDPR,DR,OMF,7.5
INF760K01AR3,CRLCGP,GR,OMF,7.5
INF760K01FS0,CRLIDD,DR,GMF,10
INF760K01FU6,CRLIDG,GR,GMF,10
INF760K01CU3,CRLISDR,DR,GMF,10
INF760K01CW9,CRLISGG,GR,GMF,10
INF760K01BZ4,CRLISWD,DP,GMF,10
INF760K01CZ2,CRLISWR,DR,GMF,10
INF760K01JD4,CRSCDD,DP,OMF,7.5
INF760K01JE2,CRSCDD,DR,OMF,7.5
INF760K01JC6,CRSCDG,GR,OMF,7.5
INF760K01JG7,CRSCDP,DP,OMF,7.5
INF760K01JH5,CRSCDP,DR,OMF,7.5
INF760K01JF9,CRSCGP,GR,OMF,7.5
INF247L01601,DEADD,DP,OMF,7.5
INF247L01627,DEADR,DR,OMF,7.5
INF247L01650,DEDAD,DP,OMF,7.5
INF247L01676,DEDAR,DP,OMF,7.5
INF247L01643,DEDQD,DP,OMF,7.5
INF247L01668,DEDQR,DP,OMF,7.5
INF247L01635,DEGDG,GR,OMF,7.5
INF247L01585,DEGPGG,GR,OMF,7.5
INF247L01593,DEQDD,DP,OMF,7.5
INF247L01619,DEQDR,DR,OMF,7.5
INF740K01K99,DPDYADMDP,DP,OMF,7.5
INF740K01L07,DPDYADMDR,DR,OMF,7.5
INF740KA1DO2,DSPAFDDP,DP,OMF,7.5
INF740KA1DP9,DSPAFDDR,DR,OMF,7.5
INF740KA1DN4,DSPAFDGR,GR,OMF,7.5
INF740KA1DQ7,DSPAFDMP,DP,OMF,7.5
INF740KA1DR5,DSPAFDMR,DR,OMF,7.5
INF740KA1DJ2,DSPAFRDP,DP,OMF,7.5
INF740KA1DK0,DSPAFRDR,DR,OMF,7.5
INF740KA1DI4,DSPAFRGR,GR,OMF,7.5
INF740KA1DL8,DSPAFRMP,DP,OMF,7.5
INF740KA1DM6,DSPAFRMR,DR,OMF,7.5
INF740K01NZ1,DSPBLDDP,DP,OMF,7.5
INF740K01OA2,DSPBLDDR,DR,OMF,7.5
INF740K01NY4,DSPBLDGR,GR,OMF,7.5
INF740K01ZW2,DSPBPDDGR,GR,OMF,7.5
INF740K01ZU6,DSPBPDRDP,DP,OMF,7.5
INF740K01ZV4,DSPBPDRDR,DR,OMF,7.5
INF740K01ZP6,DSPBPDRG,GR,OMF,7.5
INF740K01318,DSPBRBALF,GR,OMF,7.5
INF740K01326,DSPBRBALF,DP,OMF,7.5
INF740K01334,DSPBRBALF,DR,OMF,7.5
INF740K01011,DSPBREF,DP,OMF,8.5
INF740K01037,DSPBREF,GR,OMF,8.5
INF740K01029,DSPBREF,DR,OMF,8.5
INF740K01532,DSPBRF25,GR,OMF,7.5
INF740K01540,DSPBRF25,DP,OMF,7.5
INF740K01AC7,DSPBRF25,DR,OMF,7.5
INF740K01151,DSPBRITF,GR,OMF,7.5
INF740K01136,DSPBRITF,DP,OMF,7.5
INF740K01144,DSPBRITF,DR,OMF,7.5
INF740K01FK9,DSPBRLIGF,GR,GMF,10
INF740K01797,DSPBRMCF,GR,OMF,7.5
INF740K01805,DSPBRMCF,DP,OMF,7.5
INF740K01AM6,DSPBRMCF,DR,OMF,7.5
INF740K01MK5,DSPBRMDF,DP,OMF,7.5
INF740K01QQ3,DSPBRMMF,GR,OMF,7.5
INF740K01QS9,DSPBRMMF,DP,OMF,7.5
INF740K01QR1,DSPBRMMF,DR,OMF,7.5
INF740K01094,DSPBROF,GR,OMF,7.5
INF740K01078,DSPBROF,DP,OMF,7.5
INF740K01086,DSPBROF,DR,OMF,7.5
INF740K01128,DSPBRSMF,GR,OMF,7.5
INF740K01102,DSPBRSMF,DP,OMF,7.5
INF740K01110,DSPBRSMF,DR,OMF,7.5
INF740K01649,DSPBRSTDF,DP,OMF,7.5
INF740K01AF0,DSPBRSTDF,DR,OMF,7.5
INF740K01656,DSPBRSTF,GR,OMF,7.5
INF740K01664,DSPBRSTMDF,DP,OMF,7.5
INF740K01AG8,DSPBRSTMDF,DR,OMF,7.5
INF740K01714,DSPBRTBF,GR,GMF,10
INF740K01243,DSPBRTEF,GR,OMF,8.5
INF740K01227,DSPBRTEF,DP,OMF,8.5
INF740K01235,DSPBRTEF,DR,OMF,8.5
INF740K01185,DSPBRTSF,GR,OMF,7.5
INF740K01169,DSPBRTSF,DP,OMF,7.5
INF740K01177,DSPBRTSF,DR,OMF,7.5
INF740KA1KE8,DSPCBDGR,GR,OMF,7.5
INF740KA1KH1,DSPCBDMP,DP,OMF,7.5
INF740KA1KI9,DSPCBDMR,DR,OMF,7.5
INF740KA1JX0,DSPCBRGR,GR,OMF,7.5
INF740K01K65,DSPDAAFRDP,DP,OMF,7.5
INF740K01K73,DSPDAAFRDR,DR,OMF,7.5
INF740K01K57,DSPDAAFRG,GR,OMF,7.5
INF740K01K81,DSPDYADGR,GR,OMF,7.5
INF740K01PJ0,DSPEQDDP,DP,OMF,7.5
INF740K01PK8,DSPEQDDR,DR,OMF,7.5
INF740K01PI2,DSPEQDGR,GR,OMF,7.5
INF740K01OC8,DSPF25DDP,DP,OMF,7.5
INF740K01OD6,DSPF25DDR,DR,OMF,7.5
INF740K01OB0,DSPF25DGR,GR,OMF,7.5
INF740KA1LH9,DSPHCDDP,DP,OMF,7.5
INF740KA1LI7,DSPHCDDR,DR,OMF,7.5
INF740KA1LG1,DSPHCDGR,GR,OMF,7.5
INF740KA1LE6,DSPHCRDP,DP,OMF,7.5
INF740KA1LF3,DSPHCRDR,DR,OMF,7.5
INF740KA1LD8,DSPHCRGR,GR,OMF,7.5
INF740K01QL4,DSPLQDGR,GR,GMF,10
INF740K01QE9,DSPMCRDDP,DP,OMF,7.5
INF740K01QF6,DSPMCRDDR,DR,OMF,7.5
INF740K01QD1,DSPMCRDGR,GR,OMF,7.5
INF740K01ON5,DSPMNYDGR,GR,OMF,7.5
INF740KA1MC8,DSPONDGR,GR,GMF,10
INF740KA1MB0,DSPONRGR,GR,GMF,10
INF740K01PM4,DSPOPPDDP,DP,OMF,7.5
INF740K01PN2,DSPOPPDDR,DR,OMF,7.5
INF740K01PL6,DSPOPPDGR,GR,OMF,7.5
INF740K01PY9,DSPSMCDDP,DP,OMF,7.5
INF740K01PZ6,DSPSMCDDR,DR,OMF,7.5
INF740K01PX1,DSPSMCDGR,GR,OMF,7.5
INF740K01NJ5,DSPSTDGR,GR,OMF,7.5
INF740K01OL9,DSPTAXDDP,DP,OMF,7.5
INF740K01OK1,DSPTAXDGR,GR,OMF,7.5
INF740K01PV5,DSPTGRDDP,DP,OMF,7.5
INF740K01PW3,DSPTGRDDR,DR,OMF,7.5
INF740K01PU7,DSPTGRDGR,GR,OMF,7.5
INF740K01PS1,DSPTOPDDP,DP,OMF,7.5
INF740K01PT9,DSPTOPDDR,DR,OMF,7.5
INF740K01PR3,DSPTOPDGR,GR,OMF,7.5
INF740K01NU2,DSPTREDGR,GR,GMF,10
INF740K013Q1,DSPUSTDGR,GR,OMF,7.5
INF740K018P2,DSPUSTRGR,GR,OMF,7.5
INF740K019P0,DSPUSTRMDP,DP,OMF,7.5
INF740K010Q7,DSPUSTRMDR,DR,OMF,7.5
INF754K01285,EARE,GR,OMF,7.5
INF754K01251,EARE,DP,OMF,7.5
INF754K01269,EARE,DR,OMF,7.5
INF903J01PP3,EMDDP,DP,OMF,7.5
INF903J01PQ1,EMDDP,DR,OMF,7.5
INF754K01HW1,EMFARBMDDP,DP,OMF,7.5
INF754K01HX9,EMFARBMDDR,DR,OMF,7.5
INF754K01HT7,EMFARBMDRP,DP,OMF,7.5
INF754K01HU5,EMFARBMDRR,DR,OMF,7.5
INF754K01IH0,EMFDARMDDP,DP,OMF,7.5
INF754K01II8,EMFDARMDDR,DR,OMF,7.5
INF754K01IK4,EMFDARMDRP,DP,OMF,7.5
INF754K01IL2,EMFDARMDRR,DR,OMF,7.5
INF754K01GP7,EMFLIQDDDR,DR,GMF,10
INF754K01GM4,EMFLIQDGP,GR,GMF,10
INF754K01GZ6,EMFLIQDRGR,GR,GMF,10
INF754K01HA7,EMFLIQRDDR,DR,GMF,10
INF754K01LI2,EMFO25DRGP,GR,OMF,7.5
INF754K01LH4,EMFO25RPDP,DR,OMF,7.5
INF754K01LF8,EMFO25RPDR,GR,OMF,7.5
INF754K01LG6,EMFO25RPGP,DP,OMF,7.5
INF754K01KZ8,EMFO30DRDP,DP,OMF,7.5
INF754K01LA9,EMFO30DRDR,DR,OMF,7.5
INF754K01KY1,EMFO30DRGP,GR,OMF,7.5
INF754K01KX3,EMFO30RPDP,DR,OMF,7.5
INF754K01KV7,EMFO30RPDR,GR,OMF,7.5
INF754K01KW5,EMFO30RPGP,DP,OMF,7.5
INF903J01PR9,EMGPD,GR,OMF,7.5
INF789F01TF7,ETD2G,GR,OMF,7.5
INF754K01LB7,EUSTCDRG,GR,OMF,7.5
INF754K01LC5,EUSTCRRG,GR,OMF,7.5
INF917K01TW9,FCADP,DP,OMF,7.5
INF917K01TV1,FCPAD,DR,OMF,7.5
INF917K01LA2,FCPED,DR,OMF,7.5
INF917K01LB0,FCPEG,GR,OMF,7.5
INF917K01KZ1,FCPEP,DP,OMF,7.5
INF917K01KY4,FCPMD,GR,OMF,7.5
INF917K01KX6,FCPMG,DR,OMF,7.5
INF917K01KW8,FCPMP,DP,OMF,7.5
INF677K01056,FEF-D,DR,OMF,8.5
INF677K01031,FEF-G,GR,OMF,8.5
INF677K01049,FEF-P,DP,OMF,8.5
INF090I01JP4,FFUSOFDDP,DP,OMF,7.5
INF090I01JQ2,FFUSOFDDR,DR,OMF,7.5
INF090I01JR0,FFUSOFDGR,GR,OMF,7.5
INF090I01EV3,FFUSOFDP,DP,OMF,7.5
INF090I01EU5,FFUSOFDR,DR,OMF,7.5
INF090I01EW1,FFUSOFGR,GR,OMF,7.5
INF090I01FO5,FIBCFDDP,DP,OMF,7.5
INF090I01FP2,FIBCFDDR,DR,OMF,7.5
INF090I01FN7,FIBCFDGP,GR,OMF,7.5
INF090I01155,FIBCFDP,DP,OMF,8.5
INF090I01163,FIBCFDR,DR,OMF,8.5
INF090I01171,FIBCFGP,GR,OMF,8.5
INF090I01IL5,FIFCAPDDP,DP,OMF,7.5
INF090I01IM3,FIFCAPDDR,DR,OMF,7.5
INF090I01IN1,FIFCAPDGP,GR,OMF,7.5
INF090I01189,FIFCAPDP,DP,OMF,7.5
INF090I01197,FIFCAPDR,DR,OMF,7.5
INF090I01205,FIFCAPGP,GR,OMF,8.5
INF090I01IU6,FIHGCFDDP,DP,OMF,7.5
INF090I01IV4,FIHGCFDDR,DR,OMF,7.5
INF090I01IW2,FIHGCFDGP,GR,OMF,7.5
INF090I01965,FIHGCFDP,DP,OMF,7.5
INF090I01973,FIHGCFDR,DR,OMF,7.5
INF090I01981,FIHGCFGP,GR,OMF,7.5
INF090I01BA3,FILFDD,DR,GMF,10
INF090I01JW0,FILFDSIPDD,DR,GMF,10
INF090I01JX8,FILFDSIPDP,DP,GMF,10
INF090I01JY6,FILFDSIPDP,DR,GMF,10
INF090I01JV2,FILFDSIPGP,GR,GMF,10
INF090I01BB1,FILFGP,GR,GMF,10
INF090I01BF2,FILFSIPDD,DR,GMF,10
INF090I01BG0,FILFSIPGP,GR,GMF,10
INF090I01BM8,FILFSIPWDP,DP,GMF,10
INF090I01BH8,FILFSIPWDP,DR,GMF,10
INF090I01BL0,FILFWDP,DP,GMF,10
INF090I01BI6,FILFWDP,DR,GMF,10
INF090I01FI7,FIPFDDP,DP,OMF,7.5
INF090I01FJ5,FIPFDDR,DR,OMF,7.5
INF090I01FH9,FIPFDGP,GR,OMF,7.5
INF090I01726,FIPFDP,DP,OMF,7.5
INF090I01734,FIPFDR,DR,OMF,7.5
INF090I01809,FIPFGP,GR,OMF,7.5
INF090I01FL1,FIPPDDP,DP,OMF,7.5
INF090I01FM9,FIPPDDR,DR,OMF,7.5
INF090I01FK3,FIPPDGP,GR,OMF,7.5
INF090I01213,FIPPDP,DP,OMF,7.5
INF090I01221,FIPPDR,DR,OMF,7.5
INF090I01239,FIPPGP,GR,OMF,7.5
INF090I01IO9,FISCFDDP,DP,OMF,7.5
INF090I01IP6,FISCFDDR,DR,OMF,7.5
INF090I01IQ4,FISCFDGP,GR,OMF,7.5
INF090I01544,FISCFDP,DP,OMF,7.5
INF090I01551,FISCFDR,DR,OMF,7.5
INF090I01569,FISCFGP,GR,OMF,7.5
INF677K01114,FISSD,DR,OMF,7.5
INF677K01098,FISSG,GR,OMF,7.5
INF677K01106,FISSP,DP,OMF,7.5
INF090I01JT6,FITAXDDP,DP,OMF,7.5
INF090I01JU4,FITAXDDR,DR,OMF,7.5
INF090I01JS8,FITAXDGR,GR,OMF,7.5
INF090I01783,FITAXDP,DP,OMF,7.5
INF090I01791,FITAXDR,DR,OMF,100
INF090I01775,FITAXGR,GR,OMF,7.5
INF677K01015,FIVFD,DR,OMF,7.5
INF677K01023,FIVFG,GR,OMF,7.5
INF677K01213,FIVFP,DP,OMF,7.5
INF090I01GV8,FLDGP,GR,GMF,10
INF090I01BZ0,FLDP,DP,GMF,10
INF090I01BY3,FLDR,DR,GMF,10
INF090I01CA1,FLGP,GR,GMF,10
INF090I01LA2,FLMDP,DP,GMF,10
INF090I01LB0,FLMDR,DR,GMF,10
INF789F1ACR7,FRFRPADP,DP,OMF,7.5
INF789F1ACS5,FRFRPADR,DR,OMF,7.5
INF789F1ACV9,FRFRPFDP,DP,OMF,7.5
INF789F1ACW7,FRFRPFDR,DR,OMF,7.5
INF789F1ACO4,FRFRPGRO,GR,OMF,7.5
INF789F1ACP1,FRFRPQDP,DP,OMF,7.5
INF789F1ACQ9,FRFRPQDR,DR,OMF,7.5
INF789FA1O85,FSMDD,DP,OMF,7.5
INF789FA1O93,FSMDR,DR,OMF,7.5
INF677K01080,FTAFD,DR,OMF,100
INF677K01064,FTAFG,GR,OMF,7.5
INF677K01072,FTAFP,DP,OMF,7.5
INF090I01GA2,FTIBFDDP,DP,OMF,7.5
INF090I01GB0,FTIBFDDR,DR,OMF,7.5
INF090I01FZ1,FTIBFDGP,GR,OMF,7.5
INF090I01825,FTIBFDP,DP,OMF,7.5
INF090I01833,FTIBFDR,DR,OMF,7.5
INF090I01817,FTIBFGP,GR,OMF,7.5
INF194KA12K7,G326,DP,OMF,7.5
INF846K01X14,GAD1D,DP,OMF,7.5
INF846K01X22,GAD1R,DR,OMF,7.5
INF846K01X06,GADGG,GR,OMF,7.5
INF846K01X48,GADPD,DP,OMF,7.5
INF846K01X55,GADPR,DR,OMF,7.5
INF846K01X30,GAGPG,GR,OMF,7.5
INF789FB1T13,GEDDR,DR,GMF,10
INF200K01HB9,GOLDFOFDP,DP,OMF,7.5
INF200K01HC7,GOLDFOFDR,DR,OMF,7.5
INF200K01HA1,GOLDFOFGR,GR,OMF,7.5
INF179K01VM3,H01RTDR,DR,OMF,7.5
INF179K01VL5,H01TDP,DP,OMF,7.5
INF179K01UT0,H02TGR,GR,OMF,7.5
INF179K01WI9,H30TGR,GR,OMF,7.5
INF179K01YR6,H31RTDR,DR,OMF,7.5
INF179K01YQ8,H31TDP,DP,OMF,7.5
INF179K01YS4,H32TGR,GR,OMF,7.5
INF179K01YU0,H41RTDR,DR,OMF,7.5
INF179K01YT2,H41TDP,DP,OMF,7.5
INF179K01YV8,H44TGR,GR,OMF,7.5
INF179KB1HU9,H53TGR,GR,GMF,10
INF179K01VF7,H54TGR,GR,OMF,7.5
INF179KB1HT1,H57TGR,GR,GMF,10
INF179K01VH3,H60RTDR,DR,OMF,7.5
INF179K01VG5,H60TDP,DP,OMF,7.5
INF179K01VB6,H61RTDR,DR,OMF,7.5
INF179K01VA8,H61TDP,DP,OMF,7.5
INF179K01VC4,H62TGR,GR,OMF,7.5
INF179K01UU8,HAFGTGR,GR,OMF,7.5
INF179KA1IZ7,HBPGT,GR,OMF,7.5
INF769K01EB0,HCRDD,DP,OMF,7.5
INF769K01EC8,HCRDR,DR,OMF,7.5
INF769K01EA2,HCRGG,GR,OMF,7.5
INF179K01582,HDFC01,DP,OMF,8.5
INF179K01590,HDFC01D,DR,OMF,8.5
INF179K01608,HDFC02,GR,OMF,8.5
INF179K01897,HDFC29,DP,OMF,7.5
INF179K01905,HDFC29D,DR,OMF,7.5
INF179KA1NO1,HDFC29RT,DR,OMF,7.5
INF179KA1NP8,HDFC29T,DP,OMF,7.5
INF179K01913,HDFC30,GR,OMF,7.5
INF179K01AZ9,HDFC31,DP,OMF,7.5
INF179K01BA0,HDFC31D,DR,OMF,7.5
INF179K01BB8,HDFC32,GR,OMF,7.5
INF179K01BC6,HDFC41,DP,OMF,8.5
INF179K01BD4,HDFC41D,DR,OMF,8.5
INF179K01BE2,HDFC44,GR,OMF,8.5
INF179K01442,HDFC54,GR,OMF,7.5
INF179K01475,HDFC58,DP,OMF,7.5
INF179K01483,HDFC58D,DR,OMF,7.5
INF179K01434,HDFC59,DR,OMF,7.5
INF179K01459,HDFC60,DP,OMF,7.5
INF179K01467,HDFC60D,DR,OMF,7.5
INF179K01400,HDFC61,DP,OMF,7.5
INF179K01418,HDFC61D,DR,OMF,7.5
INF179K01426,HDFC62,GR,OMF,7.5
INF179K01327,HDFCAFRDQ,DP,OMF,7.5
INF179K01319,HDFCAFRG,GR,OMF,7.5
INF179KA1KO7,HDFCAFWDM,DP,OMF,7.5
INF179KA1KN9,HDFCAFWDM,DR,OMF,7.5
INF179KA1KM1,HDFCAFWDQ,DP,OMF,7.5
INF179KA1KL3,HDFCAFWDQ,DR,OMF,7.5
INF179KA1KQ2,HDFCAFWDT,DP,OMF,7.5
INF179KA1KP4,HDFCAFWDT,DR,OMF,7.5
INF179KA1KT6,HDFCAFWGT,GR,OMF,7.5
INF179KA1KS8,HDFCAFWMT,DP,OMF,7.5
INF179KA1KR0,HDFCAFWMT,DR,OMF,7.5
INF179K01814,HDFCGFD,DP,OMF,7.5
INF179K01822,HDFCGFDD,DR,OMF,7.5
INF179K01830,HDFCGFG,GR,OMF,7.5
INF179K01772,HDFCGLD,DP,GMF,10
INF179K01764,HDFCGLDR,DR,GMF,10
INF179K01756,HDFCGLG,GR,GMF,10
INF179K01LC5,HDFCGOLDFF,GR,OMF,7.5
INF179K01723,HDFCILR,DR,OMF,7.5
INF179K01715,HDFCISWDM,DP,OMF,7.5
INF179K01707,HDFCISWG,GR,OMF,7.5
INF179K01AB0,HDFCMILMD,DR,OMF,8.5
INF179K01AD6,HDFCMILQD,DR,OMF,8.5
INF179K01AE4,HDFCMILTG,GR,OMF,8.5
INF179K01AA2,HDFCMILTM,DP,OMF,8.5
INF179K01AC8,HDFCMILTQ,DP,OMF,8.5
INF179K01DE8,HDFCMTODR,DR,OMF,7.5
INF179K01AK1,HDFCMULD,DP,OMF,7.5
INF179K01AL9,HDFCMULDR,DR,OMF,7.5
INF179K01AM7,HDFCMULG,GR,OMF,7.5
INF179K01AQ8,HDFCPRED,DP,OMF,7.5
INF179K01AR6,HDFCPREDD,DR,OMF,7.5
INF179K01AS4,HDFCPREG,GR,OMF,7.5
INF179K01970,HDFCTPD,DP,OMF,7.5
INF179K01988,HDFCTPDR,DR,OMF,7.5
INF179K01996,HDFCTPG,GR,OMF,7.5
INF179K01VZ5,HGFDRTDR,DR,OMF,7.5
INF179K01VY8,HGFDTDP,DP,OMF,7.5
INF179K01WA6,HGFGTGR,GR,OMF,7.5
INF179K01VX0,HGFOFTGR,GR,OMF,7.5
INF179K01VT8,HGLDRTDR,DR,GMF,10
INF179K01VR2,HGLDTDP,DP,GMF,10
INF179K01VS0,HGLGTGR,GR,GMF,10
INF179KA1D90,HIFSTDPNDP,DP,OMF,7.5
INF179KA1D82,HIFSTDPNDR,DR,OMF,7.5
INF179KA1E16,HIFSTRPNDP,DP,OMF,7.5
INF179KA1E08,HIFSTRPNDR,DR,OMF,7.5
INF179K01KZ8,HINNP,GR,OMF,7.5
INF179K01WM1,HINNPT,GR,OMF,7.5
INF179K01LA9,HINSP,GR,OMF,7.5
INF179K01WN9,HINSPT,GR,OMF,7.5
INF179K01VO9,HISDMTDP,DP,OMF,7.5
INF179K01VP6,HISMRTDR,DR,OMF,7.5
INF179K01VQ4,HISWGTGR,GR,OMF,7.5
INF179KA1RR5,HLCFDDP,DP,OMF,7.5
INF179KA1RQ7,HLCFDG,GR,OMF,7.5
INF179KA1RU9,HLCFRDP,DP,OMF,7.5
INF179KA1RT1,HLCFRG,GR,OMF,7.5
INF179KB1IC5,HLFDDR,DR,GMF,10
INF179KB1HO2,HLFDMTDP,DP,GMF,10
INF179KB1HP9,HLFGTGR,GR,GMF,10
INF179KB1HQ7,HLFMRTDR,DR,GMF,10
INF179KB1HR5,HLQD53,GR,GMF,10
INF179KB1HS3,HLQD57,GR,GMF,10
INF179KB1HM6,HLQDLFDM,DP,GMF,10
INF179KB1HL8,HLQDLFDMR,DR,GMF,10
INF179KB1HK0,HLQDLFG,GR,GMF,10
INF179K01XO5,HMCODTDP,DP,OMF,7.5
INF179K01XQ0,HMCOGTGR,GR,OMF,7.5
INF179K01XP2,HMCORTDR,DR,OMF,7.5
INF179K01CS0,HMIDCAP-DP,DP,OMF,7.5
INF179K01CT8,HMIDCAP-DR,DR,OMF,7.5
INF179K01CR2,HMIDCAP-G,GR,OMF,8.5
INF179K01XG1,HMLMRTDR,DR,OMF,7.5
INF179K01XI7,HMLQRTDR,DR,OMF,7.5
INF179K01XE6,HMLTGTGR,GR,OMF,7.5
INF179K01XF3,HMLTMTDP,DP,OMF,7.5
INF179K01XH9,HMLTQTDP,DP,OMF,7.5
INF179K01DD0,HMTOD,DP,OMF,7.5
INF179K01XB2,HMTODTDP,DP,OMF,7.5
INF179K01DC2,HMTOG,GR,OMF,9.5
INF179K01XD8,HMTOGTGR,GR,OMF,7.5
INF179K01XC0,HMTORTDR,DR,OMF,7.5
INF179K01XR8,HMULDTDP,DP,OMF,7.5
INF179K01XT4,HMULGTGR,GR,OMF,7.5
INF179K01XS6,HMULRTDR,DR,OMF,7.5
INF179K01XX6,HPREDTDP,DP,OMF,7.5
INF179K01XZ1,HPREGTGR,GR,OMF,7.5
INF179K01XY4,HPRERTDR,DR,OMF,7.5
INF179KB1MG8,HRETEQR,GR,OMF,7.5
INF179KA1RX3,HSMCFDDP,DP,OMF,7.5
INF179KA1RY1,HSMCFDDR,DR,OMF,7.5
INF179KA1RW5,HSMCFDG,GR,OMF,7.5
INF179KA1SA9,HSMCFRDP,DP,OMF,7.5
INF179KA1SB7,HSMCFRDR,DR,OMF,7.5
INF179KA1RZ8,HSMCFRG,GR,OMF,7.5
INF179K01CV4,HSTOD,DP,OMF,7.5
INF179K01CU6,HSTOG,GR,OMF,7.5
INF179K01YM7,HSTOGTGR,GR,OMF,7.5
INF179KA1Q53,HSTOPDNDP,DP,OMF,7.5
INF179KA1Q79,HSTOPRNDP,DP,OMF,7.5
INF179K01WW0,HTPDRTDR,DR,OMF,7.5
INF179K01WV2,HTPDTDP,DP,OMF,7.5
INF179K01WX8,HTPGTGR,GR,OMF,7.5
INF179KB11R3,HUSTFRD,GR,OMF,7.5
INF179KB12R1,HUSTFRDR,DR,OMF,7.5
INF179KB16R2,HUSTFRMDD,DP,OMF,7.5
INF179KB15R4,HUSTFRMDR,DR,OMF,7.5
INF179KB14R7,HUSTFRWDD,DP,OMF,7.5
INF194KA1R28,ID305DP,DP,OMF,7.5
INF194KA1R36,ID305RDR,DR,OMF,7.5
INF194KA1R51,ID306DP,DP,OMF,7.5
INF194KA1R69,ID306RDR,DR,OMF,7.5
INF194K01W05,IDD202DR,DR,OMF,7.5
INF194K01W88,IDD204DR,DR,OMF,7.5
INF194K01W47,IDD206DR,DR,OMF,7.5
INF194K01Y86,IDD210DR,DR,OMF,7.5
INF194K010A2,IDD216DR,DR,OMF,7.5
INF194K01Y45,IDD224DR,DR,OMF,7.5
INF194K017G4,IDD281DR,DR,OMF,7.5
INF194K010N5,IDD282DR,DR,OMF,7.5
INF194K011N3,IDD283DR,DR,OMF,7.5
INF194K018M0,IDD284DP,DP,OMF,7.5
INF194KA1M23,IDD303GR,GR,OMF,7.5
INF194KA1S43,IDD305DP,DP,OMF,7.5
INF194KA1S50,IDD305RDR,DR,OMF,7.5
INF194K01K17,IDD68DP,DP,OMF,7.5
INF194K01K09,IDD68DR,DR,OMF,7.5
INF194K01N89,IDDDQBDP,DP,OMF,7.5
INF194K01N71,IDDDQBDR,DR,OMF,7.5
INF194K01M98,IDDFRDDR,DR,GMF,10
INF194K01U23,IDDSTDDP,DP,OMF,7.5
INF194K01U15,IDDSTDDR,DR,OMF,7.5
INF194K01U56,IDDSTFDP,DP,OMF,7.5
INF194K01U49,IDDSTFDR,DR,OMF,7.5
INF194K01524,IDFC201,GR,OMF,7.5
INF194K01532,IDFC202,DP,OMF,7.5
INF194K01540,IDFC202R,DR,OMF,7.5
INF194K01391,IDFC203,GR,OMF,8.5
INF194K01409,IDFC204,DP,OMF,7.5
INF194K01417,IDFC204R,DR,OMF,7.5
INF194K01466,IDFC205,GR,OMF,7.5
INF194K01474,IDFC206,DP,OMF,7.5
INF194K01482,IDFC206R,DR,OMF,7.5
INF194K01649,IDFC209,GR,OMF,7.5
INF194K01656,IDFC210,DP,OMF,7.5
INF194K01664,IDFC210R,DR,OMF,7.5
INF194K01342,IDFC215,GR,OMF,7.5
INF194K01359,IDFC216,DP,OMF,7.5
INF194K01367,IDFC216R,DR,OMF,7.5
INF194K01292,IDFC223,GR,OMF,7.5
INF194K01300,IDFC224,DP,OMF,7.5
INF194K01318,IDFC224R,DR,OMF,7.5
INF194K01JZ9,IDFC259,DP,OMF,7.5
INF194K01JY2,IDFC259R,DR,OMF,7.5
INF194K01SN6,IDFC280,GR,OMF,7.5
INF194K01SO4,IDFC281,DP,OMF,7.5
INF194K012D2,IDFC281R,DR,OMF,7.5
INF194K017M2,IDFC283R,DR,OMF,7.5
INF194K014M9,IDFC284,DP,OMF,7.5
INF194K015M6,IDFC285,DP,OMF,7.5
INF194KA1RW6,IDFC295,DP,GMF,10
INF194KA1RX4,IDFC295R,DR,GMF,10
INF194KA1UE8,IDFC299,GR,OMF,7.5
INF194KA1UF5,IDFC300,DP,OMF,7.5
INF194KA1UG3,IDFC300R,DR,OMF,7.5
INF194KA1L81,IDFC303,GR,OMF,7.5
INF194KA1L99,IDFC304,DP,OMF,7.5
INF194KA1M07,IDFC304R,DR,OMF,7.5
INF194KA10Q8,IDFC327,GR,OMF,7.5
INF194KA18Q1,IDFC328,DP,OMF,7.5
INF194KA19Q9,IDFC328R,DR,OMF,7.5
INF194KA13Q2,IDFC330,DR,OMF,7.5
INF194KA15Q7,IDFC331,DP,OMF,7.5
INF194KA16Q5,IDFC331R,DR,OMF,7.5
INF194K01FU8,IDFC65,GR,OMF,7.5
INF194K01FV6,IDFC66,DR,OMF,7.5
INF194K01GB6,IDFC67,DR,OMF,7.5
INF194K01FZ7,IDFC68,DP,OMF,7.5
INF194K01FY0,IDFC68R,DR,OMF,7.5
INF194K01QG4,IDFC82,GR,OMF,7.5
INF194K01QO8,IDFC83,DP,OMF,7.5
INF194K01QN0,IDFC83R,DR,OMF,7.5
INF194K01DZ2,IDFC86,GR,GMF,10
INF194K01EK2,IDFC87,DP,GMF,10
INF194K01EJ4,IDFC87R,DR,GMF,10
INF194K01V89,IDFCD201,GR,OMF,7.5
INF194K01V97,IDFCD202,DP,OMF,7.5
INF194K01W62,IDFCD203,GR,OMF,7.5
INF194K01W70,IDFCD204,DP,OMF,7.5
INF194K01W21,IDFCD205,GR,OMF,7.5
INF194K01W39,IDFCD206,DP,OMF,7.5
INF194K01Y60,IDFCD209,GR,OMF,7.5
INF194K01Y78,IDFCD210,DP,OMF,7.5
INF194K01Z85,IDFCD215,GR,OMF,7.5
INF194K01Z93,IDFCD216,DP,OMF,7.5
INF194K01Y29,IDFCD223,GR,OMF,7.5
INF194K01Y37,IDFCD224,DP,OMF,7.5
INF194K015G8,IDFCD280,GR,OMF,7.5
INF194K016G6,IDFCD281,DP,OMF,7.5
INF194KA1SR4,IDFCD290,DP,OMF,7.5
INF194KA1SS2,IDFCD290R,DR,OMF,7.5
INF194KA1TD2,IDFCD291,DP,OMF,7.5
INF194KA1TE0,IDFCD291R,DR,OMF,7.5
INF194KA1UH1,IDFCD299,GR,OMF,7.5
INF194KA1UI9,IDFCD300,DP,OMF,7.5
INF194KA1UJ7,IDFCD300R,DR,OMF,7.5
INF194KA1YG5,IDFCD301,DP,OMF,7.5
INF194KA1YH3,IDFCD301R,DR,OMF,7.5
INF194K01J77,IDFCD65,GR,OMF,7.5
INF194K01J85,IDFCD66,DR,OMF,7.5
INF194K01K33,IDFCD67,DR,OMF,7.5
INF194K01N63,IDFCD82,GR,OMF,7.5
INF194K01Q29,IDFCD86,GR,GMF,10
INF194K01I78,IDFCDFCCD,DR,GMF,10
INF194K01I60,IDFCDFCCG,GR,GMF,10
INF194K01M80,IDFCDFRG,GR,GMF,10
INF194K01S50,IDFCDMTG,GR,OMF,7.5
INF194K01R51,IDFCDSSG,GR,OMF,7.5
INF194K01U07,IDFCDSTG,GR,OMF,7.5
INF194KB1AK6,IDFCEBFRD,DP,OMF,7.5
INF194KB1AJ8,IDFCEBFRG,GR,OMF,7.5
INF194K01VY7,IDFCFCCD,DR,GMF,10
INF194K01VX9,IDFCFCCG,GR,GMF,10
INF194K01WF4,IDFCFCCM,DP,GMF,10
INF194K01WE7,IDFCFCCMR,DR,GMF,10
INF194K01WH0,IDFCFCCW,DR,GMF,10
INF194K01LJ9,IDFCFRG,GR,GMF,10
INF194K01LQ4,IDFCFRW,DR,GMF,10
INF194K01KF9,IDFCMTD,DP,OMF,7.5
INF194K01KE2,IDFCMTDR,DR,OMF,7.5
INF194K01KI3,IDFCMTF,DP,OMF,7.5
INF194K01KH5,IDFCMTF,DR,OMF,7.5
INF194K01JU0,IDFCMTG,GR,OMF,7.5
INF194K01KC6,IDFCMTM,DP,OMF,7.5
INF194K01KB8,IDFCMTMR,DR,OMF,7.5
INF194KB1314,IDFCONF,GR,GMF,10
INF194K01IT4,IDFCSSD,DP,OMF,7.5
INF194K01IS6,IDFCSSDR,DR,OMF,7.5
INF194K01IL1,IDFCSSG,GR,OMF,7.5
INF194K01HH1,IDFCSTD,DP,OMF,7.5
INF194K01HG3,IDFCSTDR,DR,OMF,7.5
INF194K01HK5,IDFCSTF,DP,OMF,7.5
INF194K01HJ7,IDFCSTF,DR,OMF,7.5
INF194K01HF5,IDFCSTG,GR,OMF,7.5
INF397L01AI1,IDLFD1R,DR,GMF,10
INF397L01AH3,IDLFG1,GR,GMF,10
INF579M01910,IGDDP,DP,OMF,7.5
INF579M01928,IGDDR,DR,OMF,7.5
INF579M01902,IGDG,GR,OMF,7.5
INF579M01886,IGRDP,DP,OMF,7.5
INF579M01894,IGRDR,DR,OMF,7.5
INF579M01878,IGRG,GR,OMF,7.5
INF205KA1171,IMF20EFRG,DP,OMF,7.5
INF205K01RF8,IMFAID1GR,GR,OMF,7.5
INF205K01LC8,IMFCFD2DP,DP,OMF,7.5
INF205K01LD6,IMFCFD2DR,DR,OMF,7.5
INF205K01RY9,IMFCOD1GR,GR,GMF,10
INF205K01RU7,IMFCOIDDR,DR,GMF,10
INF205KA1221,IMFF20EFD,DR,OMF,7.5
INF205KA1205,IMFF20EFDR,DP,OMF,7.5
INF205KA1189,IMFF20EFRG,GR,OMF,7.5
INF205KA1197,IMFF20ERG,DR,OMF,7.5
INF205KA1213,IMFF2EFDR,GR,OMF,7.5
INF205K01MA0,IMFGFD1GR,GR,OMF,7.5
INF205K01LY2,IMFGFD2DP,DP,OMF,7.5
INF205K01LZ9,IMFGFD2DR,DR,OMF,7.5
INF205K01HN3,IMFLFSDDR,DR,GMF,10
INF205K01HO1,IMFLFSWDR,DR,GMF,10
INF205K01MV6,IMFMCD1GR,GR,OMF,7.5
INF205K01MT0,IMFMCD2DP,DP,OMF,7.5
INF205K01MU8,IMFMCD2DR,DR,OMF,7.5
INF205K01MS2,IMFMSD1GR,GR,OMF,7.5
INF205K01MQ6,IMFMSD2DP,DP,OMF,7.5
INF205K01MR4,IMFMSD2DR,DR,OMF,7.5
INF205KA1114,IMFONDRDRD,GR,GMF,10
INF205KA1163,IMFONFRGDR,GR,GMF,10
INF205K01UH8,IMFSTD1GR,GR,OMF,7.5
INF205K01NT8,IMFTPD1GR,GR,OMF,7.5
INF205K01NR2,IMFTPD2DP,DP,OMF,7.5
INF205K01HZ7,IMFUSIDDR,DR,OMF,7.5
INF205K01IB6,IMFUSIWDP,DP,OMF,7.5
INF205K01IA8,IMFUSIWDR,DR,OMF,7.5
INF109K01FK7,IP122P,DP,OMF,7.5
INF109K01CQ1,IP1477,GR,OMF,7.5
INF109K01CR9,IP1478,DR,OMF,7.5
INF109K01SM6,IP1479,DR,OMF,7.5
INF109K01SL8,IP1479P,DP,OMF,7.5
INF109K01CT5,IP1481,DR,OMF,7.5
INF109K01SK0,IP1481P,DP,OMF,7.5
INF109K01SO2,IP1482,DR,OMF,7.5
INF109K01SN4,IP1482P,DP,OMF,7.5
INF109K01738,IP1524,DR,OMF,7.5
INF109K01746,IP1525,GR,OMF,7.5
INF109K01753,IP1526,DR,OMF,7.5
INF109K01AW3,IP1542,DR,OMF,7.5
INF109K01AX1,IP1543,GR,OMF,7.5
INF109K01AY9,IP1544,DR,OMF,7.5
INF109K01EN4,IP1544P,DP,OMF,7.5
INF109K01AZ6,IP1545,DR,OMF,7.5
INF109K01RT3,IP1587,GR,OMF,7.5
INF109K01RV9,IP1588,DR,OMF,7.5
INF109K01WS5,IP1588P,DP,OMF,7.5
INF109K01RU1,IP1589,DR,OMF,7.5
INF109K01WR7,IP1589P,DP,OMF,7.5
INF109K01PR1,IP1616P,DP,OMF,7.5
INF109K01GO7,IP1712P,DP,OMF,7.5
INF109K01GK5,IP1713P,DP,OMF,7.5
INF109K01GE8,IP1714P,DP,OMF,7.5
INF109K01UF6,IP1729,DP,OMF,7.5
INF109K01IW6,IP1732,DP,OMF,7.5
INF109K01IX4,IP1733,DP,OMF,7.5
INF109K01YD3,IP1839,DR,OMF,7.5
INF109K01YE1,IP1839P,DP,OMF,7.5
INF109K01B53,IP1929,DP,OMF,7.5
INF109K01662,IP23F,DR,OMF,7.5
INF109K01GL3,IP25PP,DR,OMF,7.5
INF109K01GP4,IP25PPA,DR,OMF,7.5
INF109K01GF5,IP25PPQ,DR,OMF,7.5
INF109K01GN9,IP26PP,GR,OMF,7.5
INF109K01JQ6,IP54P,DP,GMF,10
INF109K01837,IPAMP,GR,OMF,7.5
INF109K01BU5,IPBFIN1233,GR,OMF,7.5
INF109K01BV3,IPBFIN1234,DR,OMF,7.5
INF109K01AD3,IPDISCODFD,DR,OMF,7.5
INF109K01AF8,IPDISCODFG,GR,OMF,7.5
INF109K01761,IPDYNMIC15,GR,OMF,8.5
INF109K01779,IPDYNMIC16,DR,OMF,7.5
INF109K01BG4,IPEQDEDWRD,DR,OMF,7.5
INF109K01BH2,IPEQDEDWRG,GR,OMF,7.5
INF109K01AL6,IPESTARESD,DR,OMF,7.5
INF109K01AN2,IPESTARESG,GR,OMF,7.5
INF109K01BL4,IPFOCU1191,GR,OMF,8.5
INF109K01BM2,IPFOCU1192,DR,OMF,7.5
INF109K01431,IPGROWTH11,GR,OMF,7.5
INF109K01449,IPGROWTH12,DR,OMF,7.5
INF109K01894,IPIMPD,DR,OMF,7.5
INF109K01902,IPIMPG,GR,OMF,7.5
INF109K01BI0,IPINAS1023,GR,OMF,7.5
INF109K01BJ8,IPINAS1024,DR,OMF,7.5
INF109K01AT9,IPINFRAIFD,DR,OMF,7.5
INF109K01AV5,IPINFRAIFG,GR,OMF,7.5
INF109K01B61,IPLFRAH,DR,OMF,7.5
INF109K01613,IPPOWER121,GR,OMF,7.5
INF109K01621,IPPOWER122,DR,OMF,7.5
INF109K01FN1,IPRU02P,DP,OMF,7.5
INF109K01FA8,IPRU1024P,DP,OMF,7.5
INF109K01EP9,IPRU1192P,DP,OMF,8.5
INF109K01DY3,IPRU1234P,DP,OMF,7.5
INF109K01BO8,IPRU1262,GR,OMF,7.5
INF109K01BP5,IPRU1263,DR,OMF,7.5
INF109K01EU9,IPRU1263P,DP,OMF,7.5
INF109K01BS9,IPRU1280,DR,OMF,7.5
INF109K01EV7,IPRU1280P,DP,OMF,7.5
INF109K01EQ7,IPRU12P,DP,OMF,7.5
INF109K01FM3,IPRU1452P,DP,OMF,7.5
INF109K01VC1,IPRU1552,DR,GMF,10
INF109K01VD9,IPRU1552P,DP,GMF,10
INF109K01VP3,IPRU1564,DR,GMF,10
INF109K01VQ1,IPRU1565,GR,GMF,10
INF109K01VR9,IPRU1566,DR,GMF,10
INF109K01VS7,IPRU1567,DR,GMF,10
INF109K01TY9,IPRU1569,DR,GMF,10
INF109K01TX1,IPRU1571,GR,GMF,10
INF109K01UB5,IPRU1572,DR,GMF,10
INF109K01UC3,IPRU1572P,DP,GMF,10
INF109K01TZ6,IPRU1573,DR,GMF,10
INF109K01IF1,IPRU1615,GR,OMF,7.5
INF109K01IE4,IPRU1616,DR,OMF,7.5
INF109K01GU4,IPRU1637,GR,OMF,9.5
INF109K01GW0,IPRU1638,DR,OMF,7.5
INF109K01GV2,IPRU1638P,DP,OMF,7.5
INF109K01GY6,IPRU1639,DR,OMF,7.5
INF109K01GX8,IPRU1639P,DP,OMF,7.5
INF109K01ED5,IPRU16P,DP,OMF,7.5
INF109K01JO1,IPRU1710P,DP,OMF,7.5
INF109K01TP7,IPRU1746,GR,OMF,7.5
INF109K01TQ5,IPRU1747,DR,OMF,7.5
INF109K01TR3,IPRU1747P,DP,OMF,7.5
INF109K01TS1,IPRU1748,DR,OMF,7.5
INF109K01TT9,IPRU1748P,DP,OMF,7.5
INF109K01TU7,IPRU1749,DR,OMF,7.5
INF109K01TV5,IPRU1749P,DP,OMF,7.5
INF109K01VT5,IPRU1780,DR,GMF,10
INF109K01VU3,IPRU1780P,DP,GMF,10
INF109K01E35,IPRU1950,GR,OMF,7.5
INF109K01E50,IPRU1951,DR,OMF,7.5
INF109K01E43,IPRU1951P,DP,OMF,7.5
INF109K017W5,IPRU2059,DR,OMF,7.5
INF109K018W3,IPRU2059P,DP,OMF,7.5
INF109K013Z7,IPRU2071,DR,OMF,7.5
INF109K014Z5,IPRU2071P,DP,OMF,7.5
INF109K015Z2,IPRU2072,DR,OMF,7.5
INF109K016Z0,IPRU2072P,DP,OMF,7.5
INF109KA1020,IPRU2073,DR,OMF,7.5
INF109KA1038,IPRU2073P,DP,OMF,7.5
INF109KA1046,IPRU2074,DR,OMF,7.5
INF109KA1053,IPRU2074P,DP,OMF,7.5
INF109K01654,IPRU24,GR,OMF,7.5
INF109KA1M62,IPRU2494,DR,OMF,7.5
INF109KA1M70,IPRU2494P,DP,OMF,7.5
INF109KA1Y27,IPRU2519,DR,OMF,7.5
INF109KA1Y35,IPRU2519P,DP,OMF,7.5
INF109KA1X10,IPRU2526,DP,OMF,7.5
INF109KA1X02,IPRU2526P,DR,OMF,7.5
INF109KA13G1,IPRU2551,DR,OMF,7.5
INF109KA12G3,IPRU2551P,DP,OMF,7.5
INF109KA14I5,IPRU2556,GR,OMF,7.5
INF109KA18I6,IPRU2557,DR,OMF,7.5
INF109KA15I2,IPRU2557P,DP,OMF,7.5
INF109KA19I4,IPRU2558,DR,OMF,7.5
INF109KA16I0,IPRU2558P,DP,OMF,7.5
INF109KA10J1,IPRU2559,DR,OMF,7.5
INF109KA17I8,IPRU2559P,DP,OMF,7.5
INF109K01FD2,IPRU25DP,DP,OMF,7.5
INF109KB1AG8,IPRU2645,DR,OMF,7.5
INF109KB1AF0,IPRU2645P,DP,OMF,7.5
INF109KB1NO5,IPRU2718,DR,OMF,7.5
INF109KB1NN7,IPRU2718P,DP,OMF,7.5
INF109KB1QJ8,IPRU2759,DR,OMF,7.5
INF109KB1QK6,IPRU2759P,DP,OMF,7.5
INF109KC1GE9,IPRU3131,GR,OMF,7.5
INF109KC1GG4,IPRU3132,DR,OMF,9.12
INF109KC1OA1,IPRU3223,GR,GMF,10
INF109KC1RE6,IPRU3251,GR,OMF,7.5
INF109KC1RF3,IPRU3252B,DR,OMF,7.5
INF109KC1N75,IPRU3435,GR,OMF,7.5
INF109KC1N83,IPRU3436,DR,OMF,7.5
INF109KC1N91,IPRU3436P,DP,OMF,7.5
INF109K01JR4,IPRU53,GR,GMF,10
INF109K01JP8,IPRU54,DR,GMF,10
INF109K01480,IPRU61,GR,OMF,7.5
INF109K01498,IPRU62,DR,OMF,7.5
INF109K01DX5,IPRU62P,DP,OMF,7.5
INF109K01FO9,IPRU72P,DP,OMF,7.5
INF109K01Y31,IPRU8000,GR,OMF,7.5
INF109K01Y15,IPRU8001P,DP,OMF,7.5
INF109K011O5,IPRU8002,GR,OMF,7.5
INF109K010O7,IPRU8003,DR,OMF,7.5
INF109K019N0,IPRU8003P,DP,OMF,7.5
INF109K015K4,IPRU8004,GR,OMF,7.5
INF109K014K7,IPRU8005,DR,OMF,7.5
INF109K013K9,IPRU8005P,DP,OMF,7.5
INF109K015N8,IPRU8008,DR,OMF,7.5
INF109K014N1,IPRU8008P,DP,OMF,7.5
INF109K013N3,IPRU8009,GR,OMF,7.5
INF109K010F5,IPRU8010,DR,OMF,7.5
INF109K019E9,IPRU8010P,DP,OMF,7.5
INF109K018C5,IPRU8015,GR,GMF,10
INF109K017C7,IPRU8016,DR,GMF,10
INF109K016C9,IPRU8016P,DP,GMF,10
INF109K01Y07,IPRU8017,GR,OMF,7.5
INF109K01X99,IPRU8018,DR,OMF,7.5
INF109K01X81,IPRU8018P,DP,OMF,7.5
INF109K01Z48,IPRU8019,GR,OMF,7.5
INF109K01Z30,IPRU8020,DR,OMF,7.5
INF109K01Z22,IPRU8020P,DP,OMF,7.5
INF109K014O9,IPRU8030,GR,OMF,7.5
INF109K013O1,IPRU8031,DR,OMF,7.5
INF109K012O3,IPRU8031P,DP,OMF,7.5
INF109K015M0,IPRU8034,GR,OMF,7.5
INF109K014M3,IPRU8035,DR,OMF,7.5
INF109K013M5,IPRU8035P,DP,OMF,7.5
INF109K016L0,IPRU8042,GR,OMF,7.5
INF109K015L2,IPRU8043,DR,OMF,7.5
INF109K014L5,IPRU8043P,DP,OMF,7.5
INF109K013J1,IPRU8044,GR,OMF,7.5
INF109K012J3,IPRU8045,DR,OMF,7.5
INF109K011J5,IPRU8045P,DP,OMF,7.5
INF109K01V83,IPRU8048,GR,OMF,7.5
INF109K018N2,IPRU8073,GR,OMF,7.5
INF109K017N4,IPRU8074,DR,OMF,7.5
INF109K016N6,IPRU8074P,DP,OMF,7.5
INF109K016B1,IPRU8078,GR,OMF,7.5
INF109K013B8,IPRU8079,DR,OMF,7.5
INF109K011C0,IPRU8080,DR,OMF,7.5
INF109K010C2,IPRU8080P,DP,OMF,7.5
INF109K018B7,IPRU8082,DR,OMF,7.5
INF109K017B9,IPRU8082P,DP,OMF,7.5
INF109K012C8,IPRU8083,DR,OMF,7.5
INF109K019B5,IPRU8083P,DP,OMF,7.5
INF109K01O66,IPRU8085,DR,OMF,7.5
INF109K01O82,IPRU8086,GR,OMF,7.5
INF109K01P16,IPRU8087,DR,OMF,7.5
INF109K01P08,IPRU8087P,DP,OMF,7.5
INF109K01P24,IPRU8088,DR,OMF,7.5
INF109K01P57,IPRU8089,GR,OMF,7.5
INF109K01P81,IPRU8090,DR,OMF,7.5
INF109K01P73,IPRU8090P,DP,OMF,7.5
INF109K01Q07,IPRU8093,DR,GMF,10
INF109K01P99,IPRU8093P,DP,GMF,10
INF109K01Q80,IPRU8094,DR,GMF,10
INF109K01Q72,IPRU8094P,DP,GMF,10
INF109K01Q15,IPRU8095,DR,GMF,10
INF109K01Q49,IPRU8096,GR,GMF,10
INF109K01R06,IPRU8097,DR,GMF,10
INF109K01Q98,IPRU8098,DR,GMF,10
INF109K01R22,IPRU8099,DR,GMF,10
INF109K01R14,IPRU8101,GR,GMF,10
INF109K01R89,IPRU8103,DR,GMF,10
INF109K010A6,IPRU8104,GR,OMF,7.5
INF109K01Z97,IPRU8105,DR,OMF,7.5
INF109K01Z89,IPRU8105P,DP,OMF,7.5
INF109K01Y80,IPRU8107,GR,OMF,7.5
INF109K01Y72,IPRU8108,DR,OMF,7.5
INF109K01Y64,IPRU8108P,DP,OMF,7.5
INF109K01V00,IPRU8110,GR,OMF,7.5
INF109K01V42,IPRU8111,DR,OMF,7.5
INF109K01V34,IPRU8111P,DP,OMF,7.5
INF109K01T04,IPRU8123,GR,OMF,7.5
INF109K01T46,IPRU8124,DR,OMF,7.5
INF109K01T38,IPRU8124P,DP,OMF,7.5
INF109K01T61,IPRU8125,DR,OMF,7.5
INF109K01T53,IPRU8125P,DP,OMF,7.5
INF109K01T20,IPRU8126,DR,OMF,7.5
INF109K01T12,IPRU8126P,DP,OMF,7.5
INF109K01O74,IPRU8127,DR,OMF,7.5
INF109K01O90,IPRU8127P,DP,OMF,7.5
INF109K01P32,IPRU8128,DR,OMF,7.5
INF109K01P65,IPRU8128P,DP,OMF,7.5
INF109K01Q23,IPRU8129,DR,GMF,10
INF109K01Q31,IPRU8129P,DP,GMF,10
INF109K012A2,IPRU8132,DR,OMF,7.5
INF109K011A4,IPRU8132P,DP,OMF,7.5
INF109K01Z71,IPRU8133,GR,OMF,7.5
INF109K01Z63,IPRU8134,DR,OMF,7.5
INF109K01Z55,IPRU8134P,DP,OMF,7.5
INF109K012N5,IPRU8141,DR,OMF,7.5
INF109K015E7,IPRU8142,DR,OMF,7.5
INF109K014E0,IPRU8142P,DP,OMF,7.5
INF109K013E2,IPRU8143,DR,OMF,7.5
INF109K012E4,IPRU8143P,DP,OMF,7.5
INF109K018E1,IPRU8144,DR,OMF,7.5
INF109K017E3,IPRU8144P,DP,OMF,7.5
INF109K016E5,IPRU8145,GR,OMF,7.5
INF109K01X16,IPRU8157,GR,OMF,7.5
INF109K010K5,IPRU8175,DR,OMF,7.5
INF109K011K3,IPRU8175P,DP,OMF,7.5
INF109K012K1,IPRU8176,GR,OMF,7.5
INF109K015O6,IPRU8177,DR,OMF,7.5
INF109K017O2,IPRU8177P,DP,OMF,7.5
INF109K016O4,IPRU8178,GR,OMF,7.5
INF109K011B2,IPRU8179,DR,OMF,7.5
INF109K010B4,IPRU8179P,DP,OMF,7.5
INF109K012B0,IPRU8180,GR,OMF,7.5
INF109K010N9,IPRU8181,DR,OMF,7.5
INF109K019M2,IPRU8181P,DP,OMF,7.5
INF109K011N7,IPRU8182,GR,OMF,7.5
INF109K017M6,IPRU8183,DR,OMF,7.5
INF109K016M8,IPRU8183P,DP,OMF,7.5
INF109K018M4,IPRU8184,GR,OMF,7.5
INF109K01S70,IPRU8185,DR,OMF,7.5
INF109K01S62,IPRU8185P,DP,OMF,7.5
INF109K01S54,IPRU8186,DR,OMF,7.5
INF109K01S47,IPRU8186P,DP,OMF,7.5
INF109K01S96,IPRU8187,DR,OMF,7.5
INF109K01S88,IPRU8187P,DP,OMF,7.5
INF109K01S39,IPRU8188,GR,OMF,7.5
INF109K012M7,IPRU8189,GR,OMF,7.5
INF109K015A5,IPRU8190,GR,OMF,7.5
INF109K017A1,IPRU8191,DR,OMF,7.5
INF109K016A3,IPRU8191P,DP,OMF,7.5
INF109K019A7,IPRU8192,DR,OMF,7.5
INF109K018A9,IPRU8192P,DP,OMF,7.5
INF109K017Y1,IPRU8271,DR,OMF,7.5
INF109K018Y9,IPRU8271P,DP,OMF,7.5
INF109K019Y7,IPRU8272,DR,OMF,7.5
INF109K010Z3,IPRU8272P,DP,OMF,7.5
INF109K017Z8,IPRU8273,DR,OMF,7.5
INF109K018Z6,IPRU8273P,DP,OMF,7.5
INF109KA1X28,IPRU8726,DR,OMF,7.5
INF109KA1X36,IPRU8726P,DP,OMF,7.5
INF109KA11J9,IPRU8758,GR,OMF,7.5
INF109KA15J0,IPRU8759,DR,OMF,7.5
INF109KA12J7,IPRU8759P,DP,OMF,7.5
INF109KA16J8,IPRU8760,DR,OMF,7.5
INF109KA13J5,IPRU8760P,DP,OMF,7.5
INF109KA17J6,IPRU8761,DR,OMF,7.5
INF109KA14J3,IPRU8761P,DP,OMF,7.5
INF109KB1NM9,IPRU8920,DR,OMF,7.5
INF109KB1NL1,IPRU8920P,DP,OMF,7.5
INF109KB1QL4,IPRU8961,DR,OMF,7.5
INF109KB1QM2,IPRU8961P,DP,OMF,7.5
INF109KC1GH2,IPRU9333,GR,OMF,7.5
INF109KC1GJ8,IPRU9334,DR,OMF,8.79
INF109KC1OO2,IPRU9425,GR,GMF,10
INF109KC1RH9,IPRU9453D,GR,OMF,7.5
INF109KC1RI7,IPRU9454E,DR,OMF,7.5
INF109KC1O09,IPRU9637,GR,OMF,7.5
INF109K01EC7,IPRUDFDP,DP,OMF,7.5
INF109K01BE9,IPRUEDIRD,DR,OMF,7.5
INF109K01BF6,IPRUEDIRG,GR,OMF,7.5
INF109K01EF0,IPRUEDIRP,DP,OMF,7.5
INF109K01EG8,IPRUEDWRP,DP,OMF,7.5
INF109K01EH6,IPRUESDP,DP,OMF,7.5
INF109K01FB6,IPRUIFDP,DP,OMF,7.5
INF109K01WX5,IPRUIMPDH,DR,OMF,7.5
INF109K01ER5,IPRUIMPDP,DP,OMF,7.5
INF109K01WY3,IPRUIMPDQ,DR,OMF,7.5
INF109K01PI0,IPRUINXNB,GR,OMF,7.5
INF109K01AH4,IPRULFRAG,GR,OMF,7.5
INF109K01IO3,IPRULFRAQ,DR,OMF,7.5
INF109K01704,IPRULTP25W,DR,OMF,7.5
INF109K01464,IPTAX01,GR,OMF,7.5
INF109K01506,IPTECH71,GR,OMF,7.5
INF109K01514,IPTECH72,DR,OMF,7.5
INF109K01BZ4,IPTRGT1451,GR,OMF,7.5
INF109K01CA5,IPTRGT1452,DR,OMF,7.5
INF192K01CM6,JMLFDG,GR,GMF,10
INF192K01841,JMLFRD,DP,GMF,10
INF192K01882,JMLFRG,GR,GMF,10
INF192K01866,JMLFRQ,DP,GMF,10
INF843K01138,JPCGR,GR,OMF,7.5
INF843K01021,JPSDI,DP,OMF,7.5
INF843K01039,JPSDI,DR,OMF,7.5
INF843K01013,JPSGR,GR,OMF,7.5
INF174K01179,K30,DP,OMF,7.5
INF174K01153,K30,GR,OMF,7.5
INF174K01161,K30,DR,OMF,7.5
INF174K01KX4,K3003DDP,DP,OMF,7.5
INF174K01KW6,K30G13D,GR,OMF,7.5
INF174K01KY2,K30R03D,DR,OMF,7.5
INF174K01F18,KAFBDP,DP,OMF,7.5
INF174K01LM5,KBAL04D,DP,OMF,7.5
INF174KA1160,KBALAFDP,DP,OMF,7.5
INF174KA1178,KBALAFDR,DR,OMF,7.5
INF174KA1186,KBALAFGR,GR,OMF,7.5
INF174K01450,KBALANCE,DP,OMF,7.5
INF174K01443,KBALANCE,DR,OMF,7.5
INF174K01F00,KBALG04GD,GR,OMF,7.5
INF174K01E92,KBG,GR,OMF,7.5
INF174K01JC0,KBONG06D,GR,OMF,7.5
INF174K01EM0,KBONREGG,GR,OMF,7.5
INF174K01EO6,KBONREGQDP,DP,OMF,7.5
INF174K01EN8,KBONREGQDR,DR,OMF,7.5
INF174K01Z22,KBST20NDD,DR,OMF,7.5
INF174K01Z14,KBST20NDPD,DP,OMF,7.5
INF174K01EU3,KBSTDP,DP,OMF,7.5
INF174K01ET5,KBSTDR,DR,OMF,7.5
INF174K01ES7,KBSTG,GR,OMF,7.5
INF174K01JI7,KBSTG10D,GR,OMF,7.5
INF174K01F42,KCPLB188D,DP,OMF,7.5
INF174K01LC6,KCPLG179D,GR,OMF,7.5
INF174K01LE2,KCPLM189D,DP,OMF,7.5
INF174K01DY7,KCROG,GR,OMF,7.5
INF174K01LZ7,KCROG190D,GR,OMF,7.5
INF174K01EC1,KCROMDP,DP,OMF,7.5
INF174K01EB3,KCROMDR,DR,OMF,7.5
INF174K01EE7,KCROQDP,DP,OMF,7.5
INF174K01ED9,KCROQDR,DR,OMF,7.5
INF178L01AY2,KDLMR255MD,DR,OMF,7.5
INF178L01BA0,KDLWR255WD,DR,OMF,7.5
INF174K01F26,KEAFBDP,DP,OMF,7.5
INF174K01F34,KEFBDRL0,DR,OMF,7.5
INF174K01LJ1,KELSD154D,DP,OMF,7.5
INF174K01LI3,KELSG144D,GR,OMF,7.5
INF174K01LV6,KEME133D,DP,OMF,7.5
INF174K01DU5,KEMEDP,DP,OMF,7.5
INF174K01DT7,KEMEDR,DR,OMF,7.5
INF174K01DS9,KEMEG,GR,OMF,7.5
INF174K01LT0,KEMEG123D,GR,OMF,7.5
INF174K01328,KEQARBIT,DP,OMF,7.5
INF174K01302,KEQARBIT,GR,OMF,7.5
INF174K01310,KEQARBIT,DR,OMF,7.5
INF174K01C86,KESFMD,DP,OMF,7.5
INF174K01C94,KESFQD,DP,OMF,7.5
INF174K01C78,KESFRG,GR,OMF,7.5
INF174K01MZ5,KFLRD253D,DR,GMF,10
INF174K01NA6,KFLRG,GR,GMF,10
INF174K01MW2,KFLRG252D,GR,GMF,10
INF174K01MX0,KFLRM255D,DR,GMF,10
INF174K01NB4,KFLRMDR,DR,GMF,10
INF174K01MY8,KFLRW254D,DR,GMF,10
INF174K01FD6,KFLTG,GR,OMF,7.5
INF174K01JP2,KFLTG135D,GR,OMF,7.5
INF174K01JQ0,KFLTM145D,DR,OMF,7.5
INF174K01FH7,KFLTMDR,DR,OMF,7.5
INF174K01JU2,KFLXG197D,GR,OMF,7.5
INF174K01FO3,KGSG,GR,OMF,7.5
INF174K01FQ8,KGSMDP,DP,OMF,7.5
INF174K01FP0,KGSMDR,DR,OMF,7.5
INF178L01BY0,KKCBG258G,GR,OMF,7.5
INF178L01BZ7,KKCBM258MD,DP,OMF,7.5
INF178L01AX4,KKDL255G,GR,OMF,7.5
INF174K01KH7,KKGSG01D,GR,OMF,7.5
INF174K01LF9,KKOPG108D,GR,OMF,7.5
INF174K01D28,KKSFG35D,GR,OMF,7.5
INF174K01D51,KKSFM36D,DP,OMF,7.5
INF174K01D69,KKSFQ37D,DP,OMF,7.5
INF174K01NH1,KLIQD463D,DR,GMF,10
INF174K01NE8,KLIQG462D,GR,GMF,10
INF174K01NI9,KLIQPREG,GR,GMF,10
INF174K01VQ5,KMDFG48D,GR,OMF,7.5
INF174K01VT9,KMDFQ49D,DP,OMF,7.5
INF174K01VL6,KMEDIUM,GR,OMF,7.5
INF174K01VN2,KMEDIUMAD,DP,OMF,7.5
INF174K01VP7,KMEDIUMAD,DR,OMF,7.5
INF174K01VM4,KMEDIUMQD,DP,OMF,7.5
INF174K01VO0,KMEDIUMQD,DR,OMF,7.5
INF174K01KU0,KMID114D,DP,OMF,7.5
INF174K01237,KMIDCAP,DP,OMF,7.5
INF174K01211,KMIDCAP,GR,OMF,7.5
INF174K01229,KMIDCAP,DR,OMF,7.5
INF174K01KT2,KMIDG104D,GR,OMF,7.5
INF174K01203,KOPPORT,DP,OMF,7.5
INF174K01187,KOPPORT,GR,OMF,7.5
INF174K01195,KOPPORT,DR,OMF,7.5
INF174K01LR4,KSEF178D,DR,OMF,7.5
INF174K01LS2,KSEFR168D,GR,OMF,7.5
INF174K01351,KSFOCUS,DP,OMF,7.5
INF174K01336,KSFOCUS,GR,OMF,7.5
INF174K01344,KSFOCUS,DR,OMF,7.5
INF174KA1DY6,KTAKFLRGR,GR,OMF,7.5
INF174KA1BB8,KTAKOVFDR,DR,GMF,10
INF174KA1BC6,KTAKOVFGR,GR,GMF,10
INF174K01385,KTAX,DP,OMF,7.5
INF174K01369,KTAX,GR,OMF,7.5
INF174K01377,KTAX,DR,OMF,7.5
INF174KA1194,KTKBAFDDP,DP,OMF,7.5
INF174KA1202,KTKBAFDDR,DR,OMF,7.5
INF174KA1210,KTKBAFDG,GR,OMF,7.5
INF174K01D02,KTKEQSAV,DR,OMF,7.5
INF174K01D10,KTKEQSAVQD,DR,OMF,7.5
INF174KA1EL1,KTKFEFD,DR,OMF,7.5
INF174KA1EK3,KTKFEFG,GR,OMF,7.5
INF174K01FA2,KTKFLEXI,GR,OMF,7.5
INF174K01IY6,KTKFLEXI,DP,OMF,7.5
INF174K01IZ3,KTKFLEXI,DR,OMF,7.5
INF174KA1EF3,KTKFLRDRMD,DR,OMF,7.5
INF174KA1EC0,KTKFLRGRD,GR,OMF,7.5
INF174K01NL3,KTKLIQDR,DR,GMF,10
INF174KA1BE2,KTKOVFDRD,DR,GMF,10
INF174KA1BF9,KTKOVFGRD,GR,GMF,10
INF174KA1EV0,KTKPFDR,DR,OMF,7.5
INF174KA1EW8,KTKPFG,GR,OMF,7.5
INF917K01QL8,LARG,GR,OMF,7.5
INF917K01QM6,LARMD,DR,OMF,7.5
INF917K01QN4,LARMP,DP,OMF,7.5
INF200K01SV4,LD080B,GR,OMF,7.5
INF200K01TF5,LD086G,GR,OMF,7.5
INF200K01QU0,LD114G,GR,OMF,7.5
INF917K01XQ3,LEBFD,DR,OMF,7.5
INF917K01QC7,LEBFG,GR,OMF,7.5
INF917K01QB9,LEBFP,DP,OMF,7.5
INF767K01DL5,LFD1D,DP,GMF,10
INF767K01DM3,LFD1R,DR,GMF,10
INF767K01IQ3,LFDPD,DP,GMF,10
INF767K01IR1,LFDPR,DR,GMF,10
INF767K01DN1,LFG1G,GR,GMF,10
INF247L01734,LFGDG,GR,GMF,10
INF767K01IS9,LFGPG,GR,GMF,10
INF247L01726,LFGPGR,GR,GMF,10
INF677K01AE7,LFSG,GR,OMF,7.5
INF767K01AM9,LICNSTDPD,DP,OMF,7.5
INF767K01AN7,LICNSTDPR,DR,OMF,7.5
INF767K01AO5,LICNSTGPG,GR,OMF,7.5
INF767K01AL1,LICSTDDR,DR,OMF,7.5
INF917K01AG2,LNT01,DR,OMF,7.5
INF917K01HO1,LNT01D,DR,OMF,7.5
INF917K01HP8,LNT01DP,DP,OMF,7.5
INF917K01AF4,LNT01P,DP,OMF,7.5
INF917K01AH0,LNT02,GR,OMF,7.5
INF917K01HN3,LNT02D,GR,OMF,7.5
INF917K01AK4,LNT07,GR,OMF,7.5
INF917K01AJ6,LNT09,DR,OMF,7.5
INF917K01AI8,LNT09P,DP,OMF,7.5
INF917K01AS7,LNT122,GR,OMF,7.5
INF917K01AY5,LNT125,DR,GMF,10
INF917K01FH9,LNT126D,DR,GMF,10
INF917K01BA3,LNT127,DR,GMF,10
INF917K01BB1,LNT127P,DP,GMF,10
INF917K01BC9,LNT128,GR,GMF,10
INF917K01FE6,LNT128D,GR,GMF,10
INF917K01IO9,LNT131D,DR,OMF,7.5
INF917K01IP6,LNT131DP,DP,OMF,7.5
INF917K01IQ4,LNT133D,GR,OMF,7.5
INF917K01HE2,LNT153LD,DR,GMF,10
INF917K01247,LNT16,DR,OMF,7.5
INF917K01FX6,LNT16D,DR,OMF,7.5
INF917K01239,LNT16P,DP,OMF,7.5
INF917K01254,LNT17,GR,OMF,7.5
INF917K01FZ1,LNT17D,GR,OMF,7.5
INF917K01AW9,LNT221,DR,OMF,7.5
INF917K01AV1,LNT221P,DP,OMF,7.5
INF917K01AX7,LNT222,DR,OMF,7.5
INF917K01551,LNT415,DR,OMF,7.5
INF917K01FU2,LNT415D,DR,OMF,7.5
INF917K01544,LNT415P,DP,OMF,7.5
INF917K01536,LNT416,GR,OMF,7.5
INF917K01FW8,LNT416D,GR,OMF,7.5
INF917K01HG7,LNT54LD,DR,GMF,10
INF917K01TX7,LNTFCADD,DR,OMF,7.5
INF917K01TY5,LNTFCDDP,DP,OMF,7.5
INF917K01LD6,LNTFCEDD,DR,OMF,7.5
INF917K01LE4,LNTFCEGD,GR,OMF,7.5
INF917K01IL5,LNTFCMDD,DR,OMF,7.5
INF917K01IM3,LNTFCMDP,DP,OMF,7.5
INF917K01IN1,LNTFCMGD,GR,OMF,7.5
INF917K01FA4,LNTFEFDD,DR,OMF,7.5
INF917K01FB2,LNTFEFDP,DP,OMF,7.5
INF917K01FC0,LNTFEFGD,GR,OMF,7.5
INF917K01FR8,LNTFISDD,DR,OMF,7.5
INF917K01FS6,LNTFISDP,DP,OMF,7.5
INF917K01FT4,LNTFISGD,GR,OMF,7.5
INF917K01HB8,LNTFIVDD,DR,OMF,7.5
INF917K01HC6,LNTFIVDP,DP,OMF,7.5
INF917K01HD4,LNTFIVGD,GR,OMF,7.5
INF917K01GO3,LNTFTADD,DP,OMF,7.5
INF917K01GP0,LNTFTAGD,GR,OMF,7.5
INF917K01QV7,LNTLADQP,DP,OMF,7.5
INF917K01QR5,LNTLARDG,GR,OMF,7.5
INF917K01QS3,LNTLARDM,DR,OMF,7.5
INF917K01QT1,LNTLARDP,DP,OMF,7.5
INF917K01QU9,LNTLARDQ,DR,OMF,7.5
INF917K01EJ8,LNTLCDD,DR,GMF,10
INF917K01EN0,LNTLCDG,GR,GMF,10
INF917K01EI0,LNTLCG,GR,GMF,10
INF917K01EM2,LNTLCMD,DR,GMF,10
INF917K01EL4,LNTLCMDP,DP,GMF,10
INF917K01EK6,LNTLCWD,DR,GMF,10
INF917K01XP5,LNTLEBDD,DR,OMF,7.5
INF917K01QA1,LNTLEBDG,GR,OMF,7.5
INF917K01PZ0,LNTLEBDP,DP,OMF,7.5
INF917K01HI3,LNTLFMDD,DR,OMF,7.5
INF917K01HH5,LNTLFSGD,GR,OMF,7.5
INF767K01519,LPDDD,DP,OMF,7.5
INF767K01527,LPDDR,DR,OMF,7.5
INF767K01GI4,LPG1G,GR,OMF,7.5
INF767K01535,LPGPG,GR,OMF,7.5
INF767K01543,LPMDD,DP,OMF,7.5
INF767K01550,LPMDR,DR,OMF,7.5
INF767K01568,LPWDD,DP,OMF,7.5
INF767K01576,LPWDR,DR,OMF,7.5
INF397L01935,LQDDR,DR,GMF,10
INF397L01984,LQG,GR,GMF,10
INF247L01551,LTDPD,DP,OMF,7.5
INF247L01569,LTGDG,GR,OMF,7.5
INF247L01544,LTGPG,GR,OMF,7.5
INF917K01CH6,LTOPSTDDP,DP,OMF,7.5
INF917K01CI4,LTOPSTDDR,DR,OMF,7.5
INF917K01CL8,LTOPSTDG,GR,OMF,7.5
INF917K01CJ2,LTOPSTDQDP,DP,OMF,7.5
INF917K01CK0,LTOPSTDQDR,DR,OMF,7.5
INF247L01577,LTPDD,DP,OMF,7.5
INF200K01115,MBALF-DP,DP,OMF,7.5
INF200K01123,MBALF-DR,DR,OMF,7.5
INF200K01107,MBALF-G,GR,OMF,7.5
INF767K01ND1,MCD1D,DP,OMF,7.5
INF767K01NF6,MCD1R,DR,OMF,7.5
INF767K01NA7,MCDPD,DP,OMF,7.5
INF767K01NC3,MCDPR,DR,OMF,7.5
INF767K01NE9,MCG1G,GR,OMF,7.5
INF767K01NB5,MCGPG,GR,OMF,7.5
INF200K01198,MEF-DP,DP,OMF,7.5
INF200K01206,MEF-DR,DR,OMF,7.5
INF200K01214,MEF-G,GR,OMF,7.5
INF204KB19V4,MFDAG,GR,OMF,7.5
INF204KB10W1,MFDAP,DP,OMF,7.5
INF903J01QF2,MFDG,GR,GMF,10
INF903J01QC9,MFDL0,DP,GMF,10
INF903J01QD7,MFDM,DR,GMF,10
INF247L01171,MFDP,DP,OMF,7.5
INF247L01163,MFDP,DR,OMF,7.5
INF204KB18V6,MFDR,DR,OMF,7.5
INF903J01GU2,MFG,GR,GMF,10
INF247L01189,MFGD,GR,OMF,7.5
INF247L01155,MFGP,GR,OMF,7.5
INF247L01205,MFPDD,DP,OMF,7.5
INF204KB16V0,MFRG,GR,OMF,7.5
INF200K01255,MGLF-94-DP,DP,OMF,7.5
INF200K01263,MGLF-94-DR,DR,OMF,7.5
INF200K01271,MGLF-94-G,GR,OMF,7.5
INF200K01AK5,MG-LPR-G,GR,GMF,10
INF200K01990,MG-LR-DP,DP,GMF,10
INF200K01AA6,MG-LR-DR,DR,GMF,10
INF200K01982,MG-LR-G,GR,GMF,10
INF200K01578,MIDCAP-DP,DP,OMF,7.5
INF200K01586,MIDCAP-DR,DR,OMF,7.5
INF200K01560,MIDCAP-G,GR,OMF,7.5
INF200K01693,MIF-FL-DP,DP,OMF,7.5
INF200K01701,MIF-FL-DR,DR,OMF,7.5
INF200K01685,MIF-FL-G,GR,OMF,7.5
INF200K01644,MIF-FS-DP,DP,GMF,10
INF200K01651,MIF-FS-DR,DR,GMF,10
INF200K01636,MIF-FS-G,GR,GMF,10
INF200K01669,MIF-FS-WDP,DP,GMF,10
INF200K01677,MIF-FS-WDR,DR,GMF,10
INF200K01545,MINDEX-DP,DP,OMF,7.5
INF200K01552,MINDEX-DR,DR,OMF,7.5
INF200K01537,MINDEX-G,GR,OMF,7.5
INF769K01CM1,MIRAECFD1,GR,GMF,10
INF769K01CP4,MIRAECFD3,DR,GMF,10
INF769K01CN9,MIRAECFD4,DP,GMF,10
INF769K01CQ2,MIRAECFD4,DR,GMF,10
INF769K01838,MIRAECFDMD,DP,GMF,10
INF769K01820,MIRAECFDMR,DR,GMF,10
INF769K01812,MIRAECFDWR,DR,GMF,10
INF769K01788,MIRAECFGPG,GR,GMF,10
INF769K01BI1,MIRAEEBD1,GR,OMF,7.5
INF769K01BJ9,MIRAEEBD2,DP,OMF,7.5
INF769K01BK7,MIRAEEBD2,DR,OMF,7.5
INF769K01127,MIRAEEBRDD,DP,OMF,7.5
INF769K01119,MIRAEEBRDR,DR,OMF,7.5
INF769K01101,MIRAEEBRGG,GR,OMF,7.5
INF769K01EU0,MIRAEFFD1,GR,OMF,7.5
INF769K01ET2,MIRAEFFD2,DP,OMF,7.5
INF769K01EW6,MIRAEFFD2,DR,OMF,7.5
INF769K01ER6,MIRAEFFRD,DP,OMF,7.5
INF769K01EV8,MIRAEFFRD,DR,OMF,7.5
INF769K01ES4,MIRAEFFRG,GR,OMF,7.5
INF769K01ED6,MIRAEHCD1,GR,OMF,7.5
INF769K01BL5,MIRAEICD1,GR,OMF,7.5
INF769K01BM3,MIRAEICD2,DP,OMF,7.5
INF769K01BN1,MIRAEICD2,DR,OMF,7.5
INF769K01150,MIRAEICRDD,DP,OMF,7.5
INF769K01143,MIRAEICRDR,DR,OMF,7.5
INF769K01135,MIRAEICRGG,GR,OMF,7.5
INF769K01AX2,MIRAEIOD1,GR,OMF,7.5
INF769K01AY0,MIRAEIOD2,DP,OMF,7.5
INF769K01AZ7,MIRAEIOD2,DR,OMF,7.5
INF769K01036,MIRAEIORDD,DP,OMF,7.5
INF769K01028,MIRAEIORDR,DR,OMF,7.5
INF769K01010,MIRAEIORGG,GR,OMF,7.5
INF769K01BO9,MIRAELPD1,GR,OMF,7.5
INF769K01937,MIRAELPIGG,GR,OMF,7.5
INF769K01960,MIRAELPIMD,DP,OMF,7.5
INF769K01AA0,MIRAELPIMR,DR,OMF,7.5
INF769K01994,MIRAELPIWR,DR,OMF,7.5
INF769K01FA9,MIRAEMCD1,GR,OMF,7.5
INF769K01EZ9,MIRAEMCD2,DP,OMF,7.5
INF769K01FC5,MIRAEMCD2,DR,OMF,7.5
INF769K01EX4,MIRAEMCRD,DP,OMF,7.5
INF769K01FB7,MIRAEMCRD,DR,OMF,7.5
INF769K01EY2,MIRAEMCRG,GR,OMF,7.5
INF769K01DH9,MIRAEPFD1,GR,OMF,7.5
INF769K01DI7,MIRAEPFD2,DP,OMF,7.5
INF769K01DJ5,MIRAEPFD2,DR,OMF,7.5
INF769K01DF3,MIRAEPFRDD,DP,OMF,7.5
INF769K01DG1,MIRAEPFRDR,DR,OMF,7.5
INF769K01DE6,MIRAEPFRGG,GR,OMF,7.5
INF769K01DM9,MIRAETSD1,GR,OMF,7.5
INF769K01DN7,MIRAETSD2,DR,OMF,7.5
INF769K01DL1,MIRAETSRDD,DP,OMF,7.5
INF769K01DK3,MIRAETSRGG,GR,OMF,7.5
INF200K01610,MLIF-98-DP,DP,OMF,7.5
INF200K01628,MLIF-98-DR,DR,OMF,7.5
INF200K01594,MLIF-98-G,GR,OMF,7.5
INF789F01XU8,MMD1R,DR,GMF,10
INF789F01XV6,MMD2G,GR,GMF,10
INF789F01PW0,MMIDR,DR,GMF,10
INF789F01PX8,MMIGG,GR,GMF,10
INF200K01909,MMIP-A-DP,DP,OMF,7.5
INF200K01917,MMIP-A-DR,DR,OMF,7.5
INF200K01859,MMIP-G,GR,OMF,7.5
INF200K01867,MMIP-M-DP,DP,OMF,7.5
INF200K01875,MMIP-M-DR,DR,OMF,7.5
INF200K01883,MMIP-Q-DP,DP,OMF,7.5
INF200K01891,MMIP-Q-DR,DR,OMF,7.5
INF789FA1L21,MMMID,DP,GMF,10
INF789FA1L39,MMMIR,DR,GMF,10
INF174V01044,MMMLFDG,GR,GMF,10
INF174V01010,MMMLFRG,GR,GMF,10
INF200K01289,MMPS-DP,DP,OMF,7.5
INF200K01297,MMPS-DR,DR,OMF,7.5
INF200K01305,MMPS-G,GR,OMF,7.5
INF200K01230,MMULTI-DP,DP,OMF,7.5
INF200K01248,MMULTI-DR,DR,OMF,7.5
INF200K01222,MMULTI-G,GR,OMF,7.5
INF247L01700,MN1GDG,GR,OMF,7.5
INF247L01445,MOFFMGDG,GR,OMF,7.5
INF247L01460,MOFFMPDD,DP,OMF,7.5
INF247L01452,MOFFMPDR,DR,OMF,7.5
INF247L01437,MOFMDPD,DP,OMF,7.5
INF247L01429,MOFMDPR,DR,OMF,7.5
INF247L01411,MOFMGPG,GR,OMF,7.5
INF247L01742,MOMFLFDDR,DR,GMF,10
INF247L01817,MOMFLFRDR,DR,GMF,10
INF200K01347,MSF-CON-DP,DP,OMF,8.5
INF200K01354,MSF-CON-DR,DR,OMF,8.5
INF200K01362,MSF-CON-G,GR,OMF,8.5
INF200K01388,MSF-EBF-DP,DP,OMF,7.5
INF200K01396,MSF-EBF-DR,DR,OMF,7.5
INF200K01370,MSF-EBF-G,GR,OMF,7.5
INF200K01453,MSF-PHA-DP,DP,OMF,7.5
INF200K01461,MSF-PHA-DR,DR,OMF,7.5
INF200K01446,MSF-PHA-G,GR,OMF,7.5
INF200K01479,MTGS-93-DP,DP,OMF,7.5
INF200K01495,MTGS-93-G,GR,OMF,7.5
INF179KA1D17,MTOPNDDPL0,DP,OMF,7.5
INF179KA1D33,MTOPRPNDP,DP,OMF,7.5
INF789F01XA0,NID2G,GR,OMF,7.5
INF789F01JN2,NIGPG,GR,OMF,7.5
INF204KB1YQ1,NLAGG,GR,OMF,7.5
INF789FC12T1,NYG1G,GR,OMF,7.5
INF789FC11T3,NYGPG,GR,OMF,7.5
INF336L01BM9,OCAPDD,DR,GMF,10
INF336L01BN7,OCAPG,GR,GMF,10
INF336L01BO5,OCAPMD,DR,GMF,10
INF336L01BP2,OCAPMP,DP,GMF,10
INF336L01BQ0,OCAPWD,DR,GMF,10
INF336L01LJ4,OCAPWP,DP,GMF,10
INF336L01CC8,OHCAPG,GR,GMF,10
INF336L01CB0,OHCPDD,DR,GMF,10
INF336L01OF6,OHNOG,GR,GMF,10
INF336L01OO8,OHNOMD,DR,GMF,10
INF336L01OP5,OHNOWP,DP,GMF,10
INF336L01OM2,ONODD,DR,GMF,10
INF336L01OL4,ONOG,GR,GMF,10
INF336L01OQ3,ONOMDP,DP,GMF,10
INF336L01ON0,ONOWD,DR,GMF,10
INF178L01BO1,PB208G,GR,OMF,7.5
INF178L01BP8,PB208MD,DR,OMF,7.5
INF178L01BQ6,PB208MP,DP,OMF,7.5
INF879O01027,PLTVFDP,GR,OMF,7.5
INF879O01019,PLTVFRPA,GR,OMF,7.5
INF173K01163,PMFEBRD,DP,OMF,7.5
INF173K01171,PMFEBRD,DR,OMF,7.5
INF173K01155,PMFEBRG,GR,OMF,7.5
INF173K01EG4,PMFEBZG,GR,OMF,7.5
INF173K01EI0,PMFEBZP,DP,OMF,7.5
INF173K01EH2,PMFEBZP,DR,OMF,7.5
INF173K01CI4,PMFSBDP,DP,OMF,7.5
INF173K01CJ2,PMFSBDP,DR,OMF,7.5
INF173K01CL8,PMFSBGP,GR,OMF,7.5
INF173K01FE6,PMFSBZG,GR,OMF,7.5
INF173K01FB2,PMFSBZP,DP,OMF,7.5
INF173K01FC0,PMFSBZP,DR,OMF,7.5
INF879O01035,PPLFLFG,GR,GMF,10
INF879O01068,PPLFLFGZ,GR,GMF,10
INF879O01076,PPLFLFMDPZ,DP,GMF,10
INF879O01084,PPLFLFMDZ,DR,GMF,10
INF223J01NS5,PRMCFD1,GR,GMF,10
INF223J01NR7,PRMCFD2,DR,GMF,10
INF223J01BU6,PRMCFWS,DR,GMF,10
INF663L01FG9,PRMDED1,DP,OMF,7.5
INF663L01FH7,PRMDED1,DR,OMF,7.5
INF663L01FK1,PRMDEDPP,DP,OMF,7.5
INF663L01FL9,PRMDEDPR,DR,OMF,7.5
INF663L01FF1,PRMDEG1,GR,OMF,7.5
INF663L01FJ3,PRMDEGP,GR,OMF,7.5
INF223J01NF2,PRMGAD1,GR,OMF,7.5
INF223J01NG0,PRMGAD2,DP,OMF,7.5
INF223J01AS2,PRMGADID,DP,OMF,7.5
INF223J01AT0,PRMGADIR,DR,OMF,7.5
INF223J01AU8,PRMGAGR,GR,OMF,7.5
INF663L01DW1,PRMMOD1,DP,OMF,7.5
INF663L01DX9,PRMMOD1,DR,OMF,7.5
INF663L01EB3,PRMMODP,DR,OMF,7.5
INF663L01EA5,PRMMODPP,DP,OMF,7.5
INF663L01DV3,PRMMOG1,GR,OMF,7.5
INF663L01DZ4,PRMMOGP,GR,OMF,7.5
INF082J01135,QMFLFDDR,DR,GMF,10
INF082J01127,QMFLFGPG,GR,GMF,10
INF082J01143,QMFLFMDP,DP,GMF,10
INF082J01200,QMFLFMDR,DR,GMF,10
INF082J01317,QMFLFRDR,DR,GMF,10
INF082J01309,QMFLFRGG,GR,GMF,10
INF204KA1U79,RBAPSUDDP,DP,OMF,7.5
INF204KA1U87,RBAPSUDDR,DR,OMF,7.5
INF204KA1U53,RBAPSUDGR,GR,OMF,7.5
INF204KA1T72,RBAPSUDP,DP,OMF,7.5
INF204KA1T80,RBAPSUDR,DR,OMF,7.5
INF204KA1V11,RBAPSUDWDP,DP,OMF,7.5
INF204KA1V29,RBAPSUDWDR,DR,OMF,7.5
INF204KA1T56,RBAPSUGR,GR,OMF,7.5
INF204KA1U38,RBAPSUMDP,DP,OMF,7.5
INF204KA1U46,RBAPSUMDR,DR,OMF,7.5
INF204K01XG7,REL200DPDP,DP,OMF,7.5
INF204K01XH5,REL200DPDP,DR,OMF,7.5
INF204K01XI3,REL200DPGP,GR,OMF,7.5
INF204KA1MV7,RELABDPMDP,DP,OMF,7.5
INF204KA1MW5,RELABDPMDR,DR,OMF,7.5
INF204KA1MT1,RELABRDMDP,DP,OMF,7.5
INF204KA1MU9,RELABRDMDR,DR,OMF,7.5
INF204K01YA8,RELABTDPDP,DP,OMF,7.5
INF204K01YB6,RELABTDPDP,DR,OMF,7.5
INF204K01XZ7,RELABTDPGR,GR,OMF,7.5
INF204K01IZ8,RELABTGADP,DP,OMF,7.5
INF204K01JA9,RELABTGADR,DR,OMF,7.5
INF204K01IY1,RELABTGAGF,GR,OMF,7.5
INF204K01XM5,RELBANDPDP,DP,OMF,7.5
INF204K01XN3,RELBANDPDP,DR,OMF,7.5
INF204K01XO1,RELBANDPGP,GR,OMF,7.5
INF204K01919,RELBANKGBP,GR,OMF,7.5
INF204K01893,RELBANKGDP,DP,OMF,7.5
INF204K01901,RELBANKGDR,DR,OMF,7.5
INF204K01927,RELBANKGGP,GR,OMF,8.5
INF204K01YH3,RELCASDPGP,GR,OMF,7.5
INF204K01YI1,RELCASDPMD,DP,OMF,7.5
INF204K01YJ9,RELCASDPMD,DR,OMF,7.5
INF204K01I76,RELDIVDPDP,DP,OMF,7.5
INF204K01I84,RELDIVDPDP,DR,OMF,7.5
INF204K01I92,RELDIVDPGP,GR,OMF,7.5
INF204K01FJ8,RELDYNBFDP,DP,OMF,7.5
INF204K01FK6,RELDYNBFDR,DR,OMF,7.5
INF204K01FI0,RELDYNBFGP,GR,OMF,7.5
INF204K01XB8,RELDYNBQDP,DP,OMF,7.5
INF204K01XC6,RELDYNBQDR,DR,OMF,7.5
INF204K01A25,RELDYNDPGP,GR,OMF,7.5
INF204K01554,RELEQADVBP,GR,OMF,7.5
INF204K01539,RELEQADVDP,DP,OMF,7.5
INF204K01547,RELEQADVDR,DR,OMF,7.5
INF204K01562,RELEQADVGP,GR,OMF,7.5
INF204K01471,RELEQOPPBP,GR,OMF,7.5
INF204K01455,RELEQOPPDP,DP,OMF,8.5
INF204K01463,RELEQOPPDR,DR,OMF,8.5
INF204K01489,RELEQOPPGP,GR,OMF,8.5
INF204K01CH9,RELFLRFMDP,DP,OMF,7.5
INF204K01CK3,RELFLRFMDR,DR,OMF,7.5
INF204K01CG1,RELFLRTFGP,GR,OMF,7.75
INF204K01E05,RELFSHDPGP,GR,OMF,7.5
INF204K01E62,RELGILDPAA,DR,GMF,10
INF204K01E70,RELGILDPAC,DP,GMF,10
INF204K01E88,RELGILDPDM,GR,GMF,10
INF204K01XQ6,RELGILDPDP,DP,GMF,10
INF204K01XR4,RELGILDPDP,DR,GMF,10
INF204K01XP8,RELGILDPGP,GR,GMF,10
INF204K01KO8,RELGLDSFDP,DP,OMF,7.5
INF204K01KP5,RELGLDSFDR,DR,OMF,7.5
INF204K01KN0,RELGLDSFGP,GR,OMF,7.5
INF204K01CA4,RELGLSRAAR,DR,GMF,10
INF204K01CC0,RELGLSRACA,GR,GMF,10
INF204K01CB2,RELGLSRMDO,GR,GMF,10
INF204K01BV2,RELGLSRPDP,DP,GMF,10
INF204K01BW0,RELGLSRPDR,DR,GMF,10
INF204K01BU4,RELGLSRPGP,GR,GMF,10
INF204K01YD2,RELGOLDPDP,DP,OMF,7.5
INF204K01YE0,RELGOLDPDP,DR,OMF,7.5
INF204K01YC4,RELGOLDPGP,GR,OMF,7.5
INF204K01E39,RELGRODPDP,DP,OMF,7.5
INF204K01E47,RELGRODPDP,DR,OMF,7.5
INF204K01E54,RELGRODPGP,GR,OMF,7.5
INF204K01315,RELGROWTBP,GR,OMF,7.5
INF204K01299,RELGROWTDP,DP,OMF,8.5
INF204K01307,RELGROWTDR,DR,OMF,8.5
INF204K01323,RELGROWTGP,GR,OMF,8.5
INF204K013R8,RELGSBDPQD,DP,OMF,7.5
INF204K014R6,RELGSBDRQD,DR,OMF,7.5
INF205K01205,RELIGARECF,DP,OMF,7.5
INF205K01189,RELIGARECF,GR,OMF,7.5
INF205K01197,RELIGARECF,DR,OMF,7.5
INF205K01262,RELIGAREGF,DP,OMF,7.5
INF205K01247,RELIGAREGF,GR,OMF,7.5
INF205K01254,RELIGAREGF,DR,OMF,7.5
INF205K01BC9,RELIGAREMC,GR,OMF,7.5
INF205K01BD7,RELIGAREMC,DP,OMF,7.5
INF205K01BE5,RELIGAREMC,DR,OMF,7.5
INF205K01DO0,RELIGAREMS,DP,OMF,7.5
INF205K01DN2,RELIGAREMS,GR,OMF,7.5
INF205K01DP7,RELIGAREMS,DR,OMF,7.5
INF205K01296,RELIGARETP,DP,OMF,7.5
INF205K01270,RELIGARETP,GR,OMF,7.5
INF205K01288,RELIGARETP,DR,OMF,100
INF204K01UC2,RELLIQCDDR,DR,OMF,7.5
INF204K01UF5,RELLIQCMDP,DP,OMF,7.5
INF204K01UG3,RELLIQCMDR,DR,OMF,7.5
INF204K01UE8,RELLIQCPGP,GR,OMF,7.5
INF204K01UD0,RELLIQCWDR,DR,OMF,7.5
INF204K01ZP3,RELLIQDPGP,GR,GMF,10
INF204K01ZQ1,RELLIQDPMD,DP,GMF,10
INF204K01ZR9,RELLIQDPMD,DR,GMF,10
INF204K01UM1,RELLIQTIDR,DR,GMF,10
INF204K01UO7,RELLIQTIMP,DP,GMF,10
INF204K01UP4,RELLIQTIMR,DR,GMF,10
INF204K01UQ2,RELLIQTIQP,DP,GMF,10
INF204K01UR0,RELLIQTIQR,DR,GMF,10
INF204K01US8,RELLIQTIWR,DR,GMF,10
INF204K01UL3,RELLIQTPGP,GR,GMF,10
INF204K01UN9,RELLIQTPIG,GR,GMF,10
INF204K01GF4,RELLNGEQDP,DP,OMF,7.5
INF204K01GG2,RELLNGEQDR,DR,OMF,7.5
INF204K01GE7,RELLNGEQGP,GR,OMF,7.5
INF204K01UY6,RELLQDTDDR,DR,GMF,10
INF204K01VB2,RELLQDTMDP,DP,GMF,10
INF204K01VC0,RELLQDTMDR,DR,GMF,10
INF204K01VD8,RELLQDTQDP,DP,GMF,10
INF204K01VE6,RELLQDTQDR,DR,GMF,10
INF204K01VA4,RELLQDTYGP,GR,GMF,10
INF204K01F79,RELLTEDPDP,DP,OMF,7.5
INF204K01F87,RELLTEDPDP,DR,OMF,7.5
INF204K01F95,RELLTEDPGP,GR,OMF,7.5
INF204K01ZH0,RELLTPDPGP,GR,GMF,10
INF204K01ZI8,RELLTPDPMD,DP,GMF,10
INF204K01ZJ6,RELLTPDPMD,DR,GMF,10
INF204K01EJ1,RELMEDIMDP,DP,OMF,7.5
INF204K01EK9,RELMEDIMDR,DR,OMF,7.5
INF204K01EL7,RELMEDIQDP,DP,OMF,7.5
INF204K01EM5,RELMEDIQDR,DR,OMF,7.5
INF204K01EF9,RELMEDIUGP,GR,OMF,7.5
INF204K01G03,RELMMFDPBP,GR,OMF,7.5
INF204KA1EK7,RELMMFDPDP,DP,OMF,7.5
INF204KA1EL5,RELMMFDPDR,DR,OMF,7.5
INF204K01ZU3,RELMMFDPGP,GR,OMF,7.5
INF204K01ZX7,RELMMFDPMD,DP,OMF,7.5
INF204K01ZY5,RELMMFDPMD,DR,OMF,7.5
INF204KA1EI1,RELMMFIDDP,DP,OMF,7.5
INF204KA1EJ9,RELMMFIDDR,DR,OMF,7.5
INF204K01EX2,RELMMGRDDR,DR,OMF,7.5
INF204K01EN3,RELMMGRGP,GR,OMF,7.5
INF204K01ER4,RELMMGRMDP,DP,OMF,7.5
INF204K01ES2,RELMMGRMDR,DR,OMF,7.5
INF204K01OO0,RELMMGRWDP,DP,OMF,7.5
INF204K01EY0,RELMMGRWDR,DR,OMF,7.5
INF204K01EW4,RELMMIGPB,GR,OMF,7.5
INF204K01EV6,RELMMIGPG,GR,OMF,7.5
INF204K01EZ7,RELMMIMDP,DP,OMF,7.5
INF204K01FA7,RELMMIMDR,DR,OMF,7.5
INF204K01FB5,RELMMIQDP,DP,OMF,7.5
INF204K01FC3,RELMMIQDR,DR,OMF,7.5
INF204K01C15,RELMTFDPGP,GR,OMF,7.5
INF204K01C72,RELMTFDPQD,DP,OMF,7.5
INF204K01C80,RELMTFDPQD,DR,OMF,7.5
INF204K01G78,RELNRIDPDP,DP,OMF,7.5
INF204K01G86,RELNRIDPDP,DR,OMF,7.5
INF204K01G94,RELNRIDPGP,GR,OMF,7.5
INF204K01570,RELNRIRPDP,DP,OMF,7.5
INF204K01588,RELNRIRPDR,DR,OMF,7.5
INF204K01604,RELNRIRPGR,GR,OMF,7.5
INF204K01XD4,RELOPPDPDP,DP,OMF,7.5
INF204K01XE2,RELOPPDPDP,DR,OMF,7.5
INF204K01XF9,RELOPPDPGP,GR,OMF,7.5
INF204K01I35,RELPHADPDP,DP,OMF,7.5
INF204K01I43,RELPHADPDP,DR,OMF,7.5
INF204K01I50,RELPHADPGP,GR,OMF,7.5
INF204K01950,RELPHARMBP,GR,OMF,7.5
INF204K01935,RELPHARMDP,DP,OMF,7.5
INF204K01943,RELPHARMDR,DR,OMF,7.5
INF204K01968,RELPHARMGP,GR,OMF,7.5
INF204K01AD2,RELPOWERBP,GR,OMF,7.5
INF204K01AB6,RELPOWERDP,DP,OMF,7.5
INF204K01AC4,RELPOWERDR,DR,OMF,7.5
INF204K01AE0,RELPOWERGP,GR,OMF,7.5
INF204K01FX9,RELREGSBDP,DP,OMF,7.5
INF204K01FY7,RELREGSBDR,DR,OMF,7.5
INF204K01FW1,RELREGSBGP,GR,OMF,7.5
INF204K01FR1,RELREGSDDP,DP,OMF,7.5
INF204K01FS9,RELREGSDDR,DR,OMF,7.5
INF204K01FQ3,RELREGSDGP,GR,OMF,8.5
INF204K01GC1,RELREGSEDP,DP,OMF,7.5
INF204K01GD9,RELREGSEDR,DR,OMF,7.5
INF204K01GB3,RELREGSEGP,GR,OMF,8.5
INF204KA1B80,RELREWCB,GR,OMF,7.5
INF204KA1C14,RELREWCDDP,DP,OMF,7.5
INF204KA1B72,RELREWCDG,GR,OMF,7.5
INF204KA1C06,RELREWCDP,DP,OMF,7.5
INF204KA1B64,RELREWCG,GR,OMF,7.5
INF204K01B16,RELRSBDPDP,DP,OMF,7.5
INF204K01B24,RELRSBDPDP,DR,OMF,7.5
INF204K01B08,RELRSBDPGP,GR,OMF,7.5
INF204K01A74,RELRSDDPGP,GR,OMF,7.5
INF204K01K23,RELRSEDPDP,DP,OMF,7.5
INF204K01K31,RELRSEDPDP,DR,OMF,7.5
INF204K01K49,RELRSEDPGP,GR,OMF,7.5
INF204K01B40,RELSHODPDP,DP,OMF,7.5
INF204K01B32,RELSHODPGP,GR,OMF,7.5
INF204KA1ES0,RELSHODTDP,DP,OMF,7.5
INF204KA1ET8,RELSHODTDR,DR,OMF,7.5
INF204KA1EQ4,RELSHORTDP,DP,OMF,7.5
INF204KA1ER2,RELSHORTDR,DR,OMF,7.5
INF204K01FL4,RELSHORTGP,GR,OMF,8
INF204K01FM2,RELSHORTMP,DP,OMF,7.5
INF204K01FN0,RELSHORTMR,DR,OMF,7.5
INF204K01FO8,RELSHORTQP,DP,OMF,7.5
INF204K01FP5,RELSHORTQR,DR,OMF,7.5
INF204K01J83,RELSMADPBP,GR,OMF,7.5
INF204K01J91,RELSMADPDP,DP,OMF,7.5
INF204K01K07,RELSMADPDP,DR,OMF,7.5
INF204K01K15,RELSMADPGP,GR,OMF,7.5
INF204K01HZ0,RELSMLCPBP,GR,OMF,7.5
INF204K01IA1,RELSMLCPDP,DP,OMF,7.5
INF204K01IB9,RELSMLCPDR,DR,OMF,7.5
INF204K01HY3,RELSMLCPGR,GR,OMF,7.5
INF204KA1E04,RELTAXADDP,DP,OMF,7.5
INF204K01L30,RELTAXDPDP,DP,OMF,7.5
INF204K01L48,RELTAXDPDP,DR,OMF,7.5
INF204K01L55,RELTAXDPGP,GR,OMF,7.5
INF204K01GL2,RELTAXTSDP,DP,OMF,7.5
INF204K01GM0,RELTAXTSDR,DR,OMF,7.5
INF204K01GK4,RELTAXTSGP,GR,OMF,7.5
INF204K01F04,RELVISDPDP,DP,OMF,7.5
INF204K01F12,RELVISDPDP,DR,OMF,7.5
INF204K01F20,RELVISDPGP,GR,OMF,7.5
INF204K01398,RELVISINBP,GR,OMF,7.5
INF204K01372,RELVISINDP,DP,OMF,8.5
INF204K01380,RELVISINDR,DR,OMF,8.5
INF204K01406,RELVISINGP,GR,OMF,8.5
INF205K01RN2,RGFAIM,DP,OMF,7.5
INF205K01LE4,RGFCFD1GR,GR,OMF,7.5
INF205K01SD1,RGFCOG,GR,GMF,10
INF205K01MF9,RGFLFD1G,GR,GMF,10
INF205K01ME2,RGFLFD4DR,DR,GMF,10
INF205K01NY8,RGFUSD1GR,GR,OMF,7.5
INF205K01HY0,RGFUSG,GR,OMF,7.5
INF205K01RM4,RMFAIFAG,GR,OMF,7.5
INF205K01RO0,RMFAIFAMDR,DR,OMF,7.5
INF205K01SG4,RMFCOFRG,GR,GMF,10
INF204KB17V8,RMFDP,DP,OMF,7.5
INF205K01HG7,RMFLFRG,GR,GMF,10
INF205K01HM5,RMFLFSIG,GR,GMF,10
INF204KB1ZB0,RMFNLGPGR,GR,OMF,7.5
INF204KB1ZE4,RMFNLMPDP,DP,OMF,7.5
INF204KB1ZF1,RMFNLMPDR,DR,OMF,7.5
INF204KB1R49,RMFONADDR,DR,GMF,10
INF204KB1R31,RMFONADGP,GR,GMF,10
INF204KB1Q73,RMFONDDR,DR,GMF,10
INF204KB1Q65,RMFONDGP,GR,GMF,10
INF205K01UN6,RMFSTPAG,GR,OMF,7.5
INF200K01131,SAOF-DP,DP,OMF,7.5
INF200K01149,SAOF-DR,DR,OMF,7.5
INF200K01156,SAOF-G,GR,OMF,7.5
INF200K01164,SBCF-DP,DP,OMF,7.5
INF200K01172,SBCF-DR,DR,OMF,7.5
INF200K01180,SBCF-G,GR,OMF,7.5
INF200K01QT2,SBIARDD,DR,OMF,7.5
INF200K01QX4,SBIBCDG,GR,OMF,7.5
INF200KA1481,SBIBFSFDP,DP,OMF,7.5
INF200KA1499,SBIBFSFDR,DR,OMF,7.5
INF200KA1473,SBIBFSFGR,GR,OMF,7.5
INF200K01958,SBIDYBFUND,GR,OMF,7.5
INF200K01966,SBIDYBFUND,DP,OMF,7.5
INF200K01974,SBIDYBFUND,DR,OMF,7.5
INF200KA1DB2,SBIESFRDPM,DP,OMF,7.5
INF200KA1DD8,SBIESFRDPQ,DP,OMF,7.5
INF200KA1DC0,SBIESFRDRM,DR,OMF,7.5
INF200KA1DE6,SBIESFRDRQ,DR,OMF,7.5
INF200KA1DA4,SBIESFRG,GR,OMF,7.5
INF200K01VM7,SBILDDG,GR,OMF,7.5
INF200K01UT4,SBILFDG,GR,GMF,10
INF200K01LJ4,SBIMICF,GR,OMF,7.5
INF200K01LQ9,SBIMICFFLT,GR,GMF,10
INF200K01719,SBIMIFINVP,GR,OMF,7.5
INF200K01727,SBIMIFINVP,DP,OMF,7.5
INF200K01735,SBIMIFINVP,DR,OMF,7.5
INF200K01TK5,SBIOFDG,GR,GMF,10
INF200K01MA1,SBIPLF,GR,GMF,10
INF200K01SZ5,SBISGDG,GR,GMF,10
INF200K01HZ8,SBISHDFIGR,GR,OMF,7.5
INF200K01IG6,SBISHDFRGR,GR,OMF,7.5
INF200K01HT1,SBISHFIFDP,DP,OMF,7.5
INF200K01HU9,SBISHFIFDR,DR,OMF,7.5
INF200K01HV7,SBISHFIMDP,DP,OMF,7.5
INF200K01HW5,SBISHFIMDR,DR,OMF,7.5
INF200K01MG8,SBISHFUIGR,GR,OMF,7.75
INF200K01MO2,SBISHFURGR,GR,OMF,7.5
INF200K01MM6,SBISHURFDP,DP,OMF,7.5
INF200K01MN4,SBISHURFDR,DR,OMF,7.5
INF200K01MP9,SBISHURMDP,DP,OMF,7.5
INF200K01MQ7,SBISHURMDR,DR,OMF,7.5
INF200K01T28,SBISMCF,GR,OMF,7.5
INF200K01T36,SBISMCF,DP,OMF,7.5
INF200K01T44,SBISMCF,DR,OMF,7.5
INF200K01VE4,SBISTDG,GR,OMF,7.5
INF200K01U41,SBITADF,GR,OMF,7.5
INF903J01454,SBNPPEQU13,DP,OMF,7.5
INF903J01462,SBNPPEQU14,DR,OMF,7.5
INF903J01470,SBNPPEQU15,GR,OMF,7.5
INF903J01512,SBNPPEQU19,DP,OMF,7.5
INF903J01520,SBNPPEQU20,DR,OMF,7.5
INF903J01538,SBNPPEQU21,GR,OMF,7.5
INF903J01116,SBNPPEQU46,GR,OMF,7.5
INF903J01124,SBNPPEQU47,DP,OMF,7.5
INF903J01132,SBNPPEQU48,DR,OMF,7.5
INF903J01173,SBNPPEQU52,GR,OMF,8.5
INF903J01181,SBNPPEQU53,DP,OMF,7.5
INF903J01199,SBNPPEQU53,DR,OMF,7.5
INF200KA1YT0,SCBF566D,DP,OMF,7.5
INF200KA1YU8,SCBF566DP,DP,OMF,7.5
INF200KA1YR4,SCBF566G,GR,OMF,7.5
INF200KA1YM5,SCBF566QP,GR,OMF,7.5
INF200KA1YP8,SCBF566QP,DP,OMF,7.5
INF200KA1YV6,SCBFD566A,DP,OMF,7.5
INF200KA1YO1,SCBFD566D,DP,OMF,7.5
INF200KA1YS2,SCBFD566G,DP,OMF,7.5
INF200KA1YN3,SCBFD566P,DP,OMF,7.5
INF200KA1YQ6,SCBFD566Q,DP,OMF,7.5
INF789FB1RH4,SFDPD,DP,OMF,7.5
INF789FB1RI2,SFDPR,DR,OMF,7.5
INF789FB1RJ0,SFGPG,GR,OMF,7.5
INF903J01HW6,SFIPRG,GR,OMF,7.5
INF903J01HX4,SFIPRMDP,DP,OMF,7.5
INF903J01IB8,SFIPRMDR,DR,OMF,7.5
INF903JA1JC0,SMFBCDG,GR,OMF,7.5
INF903JA1JB2,SMFBCDR,DR,OMF,7.5
INF903JA1JE6,SMFBCDR1,DR,OMF,7.5
INF903JA1IZ3,SMFBCGP,GR,OMF,7.5
INF903J01DU9,SMFEMDP,DP,OMF,7.5
INF903J01DV7,SMFEMDR,DR,OMF,7.5
INF903J01DT1,SMFEMG,GR,OMF,7.5
INF200K01UG1,SMMFDG,GR,OMF,7.5
INF903JA1HG5,SODGGR,GR,GMF,10
INF903JA1GZ7,SORGGR,GR,GMF,10
INF903J01546,SPEQU22,DP,OMF,7.5
INF903J01553,SPEQU23,DR,OMF,7.5
INF903J01561,SPEQU24,GR,OMF,7.5
INF903J01728,SPEQU40,DP,OMF,7.5
INF903J01736,SPEQU41,DR,OMF,7.5
INF903J01744,SPEQU42,GR,OMF,7.5
INF247L01AG2,SPGDG,GR,OMF,7.5
INF247L01AH0,SPGPG,GR,OMF,7.5
INF903JA1FC8,SSFDD,DR,OMF,7.5
INF903JA1FA2,SSFDG,GR,OMF,7.5
INF903JA1EZ2,SSFRD,DR,OMF,7.5
INF903JA1EX7,SSFRG,GR,OMF,7.5
INF789FA1Q91,STAID,DP,OMF,7.5
INF789FA1R09,STAIR,DR,OMF,7.5
INF767K01FL0,STD1D,DP,OMF,7.5
INF767K01FN6,STD1R,DR,OMF,7.5
INF767K01AK3,STDDD,DP,OMF,7.5
INF767K01FM8,STG1G,GR,OMF,7.5
INF789F01QA4,STIGG,GR,OMF,7.5
INF789F01QB2,STIMD,DP,OMF,7.5
INF789F01QC0,STIMR,DR,OMF,7.5
INF179K01CW2,STOFRPND,DR,OMF,100
INF789FA1R58,STQDR,DR,OMF,7.5
INF178L01202,STSG,GR,OMF,7.5
INF178L01210,STSMDP,DP,OMF,7.5
INF178L01228,STSMDR,DR,OMF,7.5
INF767K01AP2,STWDD,DP,OMF,7.5
INF767K01AQ0,STWDR,DR,OMF,7.5
INF277K016Q5,TAFA,DP,OMF,7.5
INF277K015Q7,TAFB,GR,OMF,7.5
INF277K018Q1,TAFCDP,DP,OMF,7.5
INF277K017Q3,TAFD,GR,OMF,7.5
INF277K01DB6,TATABFD,DP,OMF,7.5
INF277K01295,TATABFD,DR,OMF,7.5
INF277K01303,TATABFG,GR,OMF,7.5
INF277K01CS2,TATABFMD,DP,OMF,7.5
INF277K01CW4,TATABFMD,DR,OMF,7.5
INF277K01Z85,TATADIDZP,DP,OMF,7.5
INF277K01Z77,TATADIFGZ,GR,OMF,7.5
INF277K01DH3,TATAEOD,DP,OMF,7.5
INF277K01410,TATAEOD,DR,OMF,7.5
INF277K01428,TATAEOG,GR,OMF,7.5
INF277K01MZ6,TATAEP5PZ,DP,OMF,7.5
INF277K01NB5,TATAEPDPZ,DP,OMF,7.5
INF277K01DI1,TATAEPE5,DP,OMF,7.5
INF277K01436,TATAEPE5,DR,OMF,7.5
INF277K01NA7,TATAEPE5Z,DR,OMF,7.5
INF277K01444,TATAEPED,DR,OMF,7.5
INF277K01DJ9,TATAEPEDP,DP,OMF,7.5
INF277K01NC3,TATAEPEDZ,DR,OMF,7.5
INF277K01451,TATAEPEG,GR,OMF,7.5
INF277K01ND1,TATAEPEGZ,GR,OMF,7.5
INF277K01LZ8,TATAFD1,DR,OMF,7.5
INF277K01MA9,TATAFG1,GR,OMF,7.5
INF277K01YD8,TATAFRSIG,GR,GMF,10
INF277K01MB7,TATAFW1,DR,OMF,7.5
INF277K01MD3,TATAFWP1,DP,OMF,7.5
INF277K01DS0,TATAGROD,DP,OMF,7.5
INF277K01642,TATAGROD,DR,OMF,7.5
INF277K01626,TATAGROG,GR,OMF,7.5
INF277K014A4,TATAICDZP,DP,OMF,7.5
INF277K013A6,TATAICFGZ,GR,OMF,7.5
INF277K014C0,TATALSD01,DR,GMF,10
INF277K01LQ7,TATALSG01,GR,GMF,10
INF277K01EI9,TATASTD,DP,OMF,7.5
INF277K01964,TATASTD,DR,OMF,7.5
INF277K01972,TATASTG,GR,OMF,7.5
INF277K012S0,TBAFA,DR,OMF,7.5
INF277K010S4,TBAFB,GR,OMF,7.5
INF277K015S3,TBAFC,DR,OMF,7.5
INF277K013S8,TBAFD,GR,OMF,7.5
INF277K01Z51,TDIFDP,DP,OMF,7.5
INF277K01Z44,TDIFG,GR,OMF,7.5
INF277K01MN2,TEGFD,GR,OMF,7.5
INF277K01ML6,TEGFE,DP,OMF,7.5
INF277K01MM4,TEGFE,DR,OMF,7.5
INF277K01MO0,TEGFF,DP,OMF,7.5
INF277K01MP7,TEGFF,DR,OMF,7.5
INF277K01MI2,TEOF,DP,OMF,7.5
INF277K01MK8,TEOF,GR,OMF,7.5
INF277K01MJ0,TEOF,DR,OMF,7.5
INF277K011Y0,TFEFADR,DR,OMF,7.5
INF277K010Y2,TFEFB,GR,OMF,7.5
INF277K018X7,TFEFCDR,DR,OMF,7.5
INF277K01OK4,TFF,GR,OMF,7.5
INF277K01YE6,TFRSTF,GR,GMF,10
INF277K011A0,TICFDP,DP,OMF,7.5
INF277K010A2,TICFG,GR,OMF,7.5
INF090I01IR2,TIEIFDDP,DP,OMF,7.5
INF090I01IS0,TIEIFDDR,DR,OMF,7.5
INF090I01IT8,TIEIFDGP,GR,OMF,7.5
INF090I01932,TIEIFDP,DP,OMF,7.5
INF090I01940,TIEIFDR,DR,OMF,7.5
INF090I01957,TIEIFGP,GR,OMF,7.5
INF277K01PW6,TINR,DP,OMF,7.5
INF277K01PX4,TINR,DR,OMF,7.5
INF277K01PR6,TLF,GR,GMF,10
INF277K011L7,TMCAPFA,DP,OMF,7.5
INF277K019K2,TMCAPFB,GR,OMF,7.5
INF277K017K6,TMCAPFC,DP,OMF,7.5
INF277K015K0,TMCAPFD,GR,OMF,7.5
INF277K016T9,TOFB,GR,GMF,10
INF277K019T3,TOFC,DR,GMF,10
INF277K018T5,TOFD,GR,GMF,10
INF277K01FH8,TRSFM,GR,OMF,7.5
INF277K01QN3,TRSFMB,GR,OMF,7.5
INF277K01FG0,TRSFP,GR,OMF,7.5
INF277K016O0,TSCAPFA,DR,OMF,7.5
INF277K015O2,TSCAPFB,GR,OMF,7.5
INF277K01QR4,TSTBF,GR,OMF,7.5
INF277K01P12,TSTBFE,DP,OMF,7.5
INF277K01P20,TSTBFE,DR,OMF,7.5
INF277K01P38,TSTBFF,DP,OMF,7.5
INF277K01P46,TSTBFF,DR,OMF,7.5
INF277K01I60,TTSF96A,DP,OMF,7.5
INF277K01I94,TTSF96B,DP,OMF,7.5
INF277K01I52,TTSF96C,GR,OMF,7.5
INF277K01I86,TTSF96D,GR,OMF,7.5
INF582M01021,UNLDDR,DR,GMF,10
INF582M01682,UNLDRD,DR,GMF,10
INF582M01013,UNLGR,GR,GMF,10
INF582M01674,UNLGRD,GR,GMF,10
INF903JA1HZ5,USTDG,GR,OMF,7.5
INF903JA1HU6,USTRD,DR,OMF,7.5
INF903JA1HR2,USTRG,GR,OMF,7.5
INF903JA1HV4,USTRW,DR,OMF,7.5
INF789F01323,UTIBALANCE,GR,OMF,7.5
INF789F01307,UTIBALANCE,DP,OMF,7.5
INF789F01315,UTIBALANCE,DR,OMF,7.5
INF789F01448,UTIDYF,DP,OMF,8.5
INF789F01463,UTIDYF,GR,OMF,8.5
INF789F01455,UTIDYF,DR,OMF,8.5
INF189A01053,UTIEQUITY,DP,OMF,8.5
INF789F01513,UTIEQUITY,GR,OMF,7.5
INF789F01505,UTIEQUITY,DR,OMF,8.5
INF789F01521,UTIETSP,DP,OMF,7.5
INF789F01547,UTIETSP,GR,OMF,7.5
INF789F01539,UTIETSP,DR,OMF,7.5
INF789F01570,UTIFLOTNG,GR,OMF,7.5
INF789F01554,UTIFLOTNGD,DR,OMF,7.5
INF789F01562,UTIFLOTNGW,DR,OMF,7.5
INF789F01604,UTIGSECSTP,GR,GMF,10
INF789F01752,UTIINFRA,GR,OMF,7.5
INF789F01737,UTIINFRA,DP,OMF,7.5
INF789F01745,UTIINFRA,DR,OMF,7.5
INF789F01AZ5,UTILIQUDRI,DR,GMF,10
INF789F01BB4,UTILIQUMDR,DR,GMF,10
INF789F01794,UTIMIDCAP,DP,OMF,7.5
INF789F01810,UTIMIDCAP,GR,OMF,7.5
INF789F01802,UTIMIDCAP,DR,OMF,7.5
INF789F01877,UTIMISADV,DP,OMF,7.5
INF789F01893,UTIMISADV,GR,OMF,7.5
INF789F01885,UTIMISADV,DR,OMF,7.5
INF789F01901,UTIMISADVM,DP,OMF,7.5
INF789F01919,UTIMISADVM,DR,OMF,7.5
INF789F01927,UTIMISADVP,DP,OMF,7.5
INF789F01BF5,UTIMMFGP,GR,GMF,10
INF789F01828,UTIMNC,DP,OMF,7.5
INF789F01844,UTIMNC,GR,OMF,7.5
INF789F01836,UTIMNC,DR,OMF,7.5
INF189A01038,UTIMSHARE,DP,OMF,8.5
INF789F01976,UTIMSHARE,GR,OMF,7.5
INF789F01950,UTIMSHARE,DR,OMF,8.5
INF789F01AE0,UTIOPRTUNE,DP,OMF,8.5
INF789F01AG5,UTIOPRTUNE,GR,OMF,8.5
INF789F01AF7,UTIOPRTUNE,DR,OMF,8.5
INF789F01AH3,UTISTINCME,DP,OMF,7.5
INF789F01AJ9,UTISTINCME,GR,OMF,7.5
INF789F01AI1,UTISTINCME,DR,OMF,7.5
INF789F01331,UTITRESADV,GR,OMF,7.5
INF789F01349,UTITRESADV,DR,OMF,7.5
INF789F01273,UTITRNSPRT,DP,OMF,7.5
INF789F01299,UTITRNSPRT,GR,OMF,7.5
INF789F01281,UTITRNSPRT,DR,OMF,7.5
